Query_ID	Target_ID	Optimal_offset	p-value	E-value	q-value	Overlap	Query_consensus	Target_consensus	Orientation
1-AAACCACAGM	MA0002.2	0	6.02097e-07	0.00141011	0.00282022	10	AAACCACAGC	AAACCACAGAC	-
1-AAACCACAGM	MA0483.1	0	5.26297e-05	0.123259	0.123259	10	AAACCACAGC	AAATCACAGCA	+
1-AAACCACAGM	MA1989.1	2	0.000139753	0.327302	0.159953	10	AAACCACAGC	AAAAACCACAAGAA	+
1-AAACCACAGM	MA0332.1	-3	0.000151647	0.355158	0.159953	6	AAACCACAGC	CCACAG	-
1-AAACCACAGM	MA0511.2	0	0.000170744	0.399883	0.159953	9	AAACCACAGC	AAACCGCAA	+
1-AAACCACAGM	MA0242.1	0	0.000225486	0.528089	0.176029	9	AAACCACAGC	TAACCGCAA	+
2-AAAGAGGAAGTG	MA0081.2	1	3.90055e-12	9.13509e-09	1.81229e-08	12	AAAGAGGAAGTG	AAAAGAGGAAGTGAAA	-
2-AAAGAGGAAGTG	MA0080.6	2	5.08626e-10	1.1912e-06	1.1816e-06	12	AAAGAGGAAGTG	AAAAAGAGGAAGTGGAA	+
2-AAAGAGGAAGTG	MA0598.3	1	6.98087e-07	0.00163492	0.00108116	12	AAAGAGGAAGTG	GAAACAGGAAGTGAG	-
2-AAAGAGGAAGTG	MA0062.3	0	1.69183e-06	0.00396226	0.00137532	12	AAAGAGGAAGTG	AAACAGGAAGTGGG	-
2-AAAGAGGAAGTG	MA0473.3	0	1.89699e-06	0.00444275	0.00137532	12	AAAGAGGAAGTG	AAACAGGAAGTGGG	+
2-AAAGAGGAAGTG	UP00085_1	1	2.1263e-06	0.0049798	0.00137532	12	AAAGAGGAAGTG	TTAAGAGGAAGTTA	+
2-AAAGAGGAAGTG	MA0761.2	0	2.1263e-06	0.0049798	0.00137532	12	AAAGAGGAAGTG	AAACAGGAAGTGAA	+
2-AAAGAGGAAGTG	MA0687.1	2	2.38143e-06	0.0055773	0.00137532	12	AAAGAGGAAGTG	AAAAAGAGGAAGTA	+
2-AAAGAGGAAGTG	MA1956.1	2	2.66407e-06	0.00623926	0.00137532	12	AAAGAGGAAGTG	GTAAACAGGAAGTG	+
2-AAAGAGGAAGTG	MA0474.3	0	2.97597e-06	0.00696973	0.00138271	12	AAAGAGGAAGTG	AAACAGGAAGTGGG	+
2-AAAGAGGAAGTG	MA1955.1	2	4.55414e-06	0.0106658	0.0019236	12	AAAGAGGAAGTG	GTAAACAGGAAGTG	+
2-AAAGAGGAAGTG	MA1942.1	3	5.38428e-06	0.01261	0.00208472	12	AAAGAGGAAGTG	CGTAAACAGGAAGTG	+
2-AAAGAGGAAGTG	MA1935.1	2	6.76928e-06	0.0158536	0.00241936	12	AAAGAGGAAGTG	GTAAACAGGAAGTG	+
2-AAAGAGGAAGTG	MA1950.1	2	1.07194e-05	0.0251048	0.00355748	12	AAAGAGGAAGTG	GTAAACAGGAAGTG	+
2-AAAGAGGAAGTG	MA1954.1	2	1.27677e-05	0.0299019	0.00395478	12	AAAGAGGAAGTG	ATCAACAGGAAGTG	+
2-AAAGAGGAAGTG	MA1936.1	2	1.94523e-05	0.0455573	0.00564874	12	AAAGAGGAAGTG	GTAAACAGGAAGTG	+
2-AAAGAGGAAGTG	MA1508.1	1	2.34096e-05	0.0548252	0.00639801	11	AAAGAGGAAGTG	GAAACAGGAAGT	+
2-AAAGAGGAAGTG	MA1952.1	2	2.48601e-05	0.0582224	0.006417	12	AAAGAGGAAGTG	ATAAACAGGAAGTA	+
2-AAAGAGGAAGTG	MA1953.1	2	3.17368e-05	0.0743276	0.00776087	12	AAAGAGGAAGTG	GTAAACAGGAAGTA	+
2-AAAGAGGAAGTG	MA1992.1	0	4.47738e-05	0.10486	0.0104015	12	AAAGAGGAAGTG	AGACAGGAAGTGGGG	+
2-AAAGAGGAAGTG	MA1946.1	2	7.81684e-05	0.18307	0.0172947	11	AAAGAGGAAGTG	GTAAACAGGAAGT	+
2-AAAGAGGAAGTG	MA0645.1	-2	9.64525e-05	0.225892	0.02037	10	AAAGAGGAAGTG	AGCGGAAGTG	+
2-AAAGAGGAAGTG	MA0508.3	-1	0.000115703	0.270976	0.0233732	11	AAAGAGGAAGTG	AAGAGAAAGAA	-
2-AAAGAGGAAGTG	MA1947.1	2	0.00014593	0.341767	0.0282509	11	AAAGAGGAAGTG	GTAAACAGGAAGT	+
2-AAAGAGGAAGTG	MA1853.1	2	0.000169314	0.396534	0.0311244	12	AAAGAGGAAGTG	GGAAACCGGAAGTGAAAAAA	+
2-AAAGAGGAAGTG	MA1708.1	-1	0.00017417	0.407906	0.0311244	11	AAAGAGGAAGTG	AGGCGGAAGTG	+
2-AAAGAGGAAGTG	MA0136.3	-1	0.000185383	0.434166	0.0319011	11	AAAGAGGAAGTG	AGAAGGAAGTGA	+
2-AAAGAGGAAGTG	MA0640.2	-1	0.000271132	0.634991	0.0449908	11	AAAGAGGAAGTG	ACCAGGAAGTGGAA	-
2-AAAGAGGAAGTG	MA1856.1	5	0.000331941	0.777407	0.053182	12	AAAGAGGAAGTG	AACCCAAACCGGAAGTGAGAAC	-
2-AAAGAGGAAGTG	MA1284.1	9	0.000409614	0.959316	0.0634387	12	AAAGAGGAAGTG	ATAGGCCCAAGAGAGGAGGTGGGGCCCACA	-
3-CCCCGCCCCC	MA0742.2	0	4.83772e-09	1.13299e-05	2.20581e-05	9	CCCCGCCCCC	CCCCGCCCC	-
3-CCCCGCCCCC	MA1513.1	1	1.95406e-08	4.5764e-05	3.91901e-05	10	CCCCGCCCCC	GCCCCGCCCCC	+
3-CCCCGCCCCC	MA1511.2	0	2.57853e-08	6.03891e-05	3.91901e-05	9	CCCCGCCCCC	CCCCGCCCC	-
3-CCCCGCCCCC	MA0516.3	0	6.74853e-08	0.00015805	7.69264e-05	9	CCCCGCCCCC	CCCCGCCCC	-
3-CCCCGCCCCC	MA0079.5	0	9.57923e-08	0.000224346	8.30444e-05	9	CCCCGCCCCC	CCCCGCCCC	-
3-CCCCGCCCCC	MA0685.2	0	1.27492e-07	0.000298586	8.30444e-05	9	CCCCGCCCCC	CCCCGCCCC	-
3-CCCCGCCCCC	MA0740.2	0	1.27492e-07	0.000298586	8.30444e-05	9	CCCCGCCCCC	CCCCGCCCC	-
3-CCCCGCCCCC	MA1961.1	1	2.54859e-07	0.000596881	0.000144005	10	CCCCGCCCCC	CCCCCGCCCCCC	-
3-CCCCGCCCCC	MA1959.1	0	2.84246e-07	0.000665704	0.000144005	9	CCCCGCCCCC	CCCCGCCCC	-
3-CCCCGCCCCC	MA0741.1	1	9.97049e-07	0.00233509	0.000438589	10	CCCCGCCCCC	GCCACGCCCCC	+
3-CCCCGCCCCC	MA0493.2	0	1.05809e-06	0.00247805	0.000438589	9	CCCCGCCCCC	CCCCGCCCC	-
3-CCCCGCCCCC	MA1630.2	2	1.49557e-06	0.00350263	0.000568267	10	CCCCGCCCCC	CTCCCCTCCCCC	-
3-CCCCGCCCCC	MA1564.1	1	1.69224e-06	0.00396323	0.000593533	10	CCCCGCCCCC	GCCACGCCCCCC	+
3-CCCCGCCCCC	MA1653.1	2	2.49658e-06	0.00584698	0.000813099	10	CCCCGCCCCC	CCCCCCTCCCCC	+
3-CCCCGCCCCC	MA1965.1	0	3.74012e-06	0.00875936	0.0011369	10	CCCCGCCCCC	CCCCTCCCCC	+
3-CCCCGCCCCC	MA0746.2	2	4.16239e-06	0.00974831	0.00118618	10	CCCCGCCCCC	GGCCACGCCCACC	+
3-CCCCGCCCCC	MA1512.1	1	4.92428e-06	0.0115327	0.00132075	10	CCCCGCCCCC	GCCACGCCCAC	+
3-CCCCGCCCCC	MA0747.1	1	6.59238e-06	0.0154394	0.00166992	10	CCCCGCCCCC	GCCACGCCCACT	+
3-CCCCGCCCCC	UP00093_1	4	7.25163e-06	0.0169833	0.00174024	10	CCCCGCCCCC	TCGACCCCGCCCCTAT	+
3-CCCCGCCCCC	UP00002_1	2	7.65586e-06	0.01793	0.00174538	10	CCCCGCCCCC	GGTCCCGCCCCCTTCTC	+
3-CCCCGCCCCC	MA1627.1	0	9.85419e-06	0.0230785	0.00207338	10	CCCCGCCCCC	CCCCTCCCCCACAC	+
3-CCCCGCCCCC	MA0039.4	2	1.0004e-05	0.0234295	0.00207338	10	CCCCGCCCCC	CGCCCCACCCCC	+
3-CCCCGCCCCC	MA0599.1	1	1.32387e-05	0.031005	0.00262448	9	CCCCGCCCCC	GCCCCGCCCC	+
3-CCCCGCCCCC	MA0443.1	-1	1.6534e-05	0.0387226	0.00314118	9	CCCCGCCCCC	TCCGCCCCCT	-
3-CCCCGCCCCC	MA0162.4	0	1.75642e-05	0.0411354	0.00320343	10	CCCCGCCCCC	CCACGCCCACGCCC	+
3-CCCCGCCCCC	MA0471.2	3	1.89674e-05	0.0444216	0.00327613	10	CCCCGCCCCC	CCTTCCCGCCCCC	-
3-CCCCGCCCCC	UP00021_1	4	1.93998e-05	0.0454344	0.00327613	10	CCCCGCCCCC	TCCCCCCCCCCCCCC	+
3-CCCCGCCCCC	UP00007_1	-1	3.06458e-05	0.0717725	0.00499045	9	CCCCGCCCCC	TCCGCCCCCGCATT	+
3-CCCCGCCCCC	MA1890.1	6	3.52958e-05	0.0826628	0.00554947	10	CCCCGCCCCC	CCCCCCCCACGCCCCCCCCCCC	+
3-CCCCGCCCCC	UP00022_1	1	4.51487e-05	0.105738	0.00686199	10	CCCCGCCCCC	CCCCCCCCCCCACTTG	+
3-CCCCGCCCCC	MA1818.1	0	5.46331e-05	0.127951	0.00803564	10	CCCCGCCCCC	CGCCGCCGCC	+
3-CCCCGCCCCC	MA0123.1	0	6.74998e-05	0.158085	0.00961788	10	CCCCGCCCCC	CGGTGCCCCC	+
3-CCCCGCCCCC	UP00043_2	2	7.25928e-05	0.170012	0.0100301	10	CCCCGCCCCC	ATCCCCGCCCCTAAAA	+
3-CCCCGCCCCC	MA0732.1	0	7.79852e-05	0.182641	0.0104583	10	CCCCGCCCCC	CTACGCCCACGCACT	+
3-CCCCGCCCCC	MA1832.1	1	8.3342e-05	0.195187	0.0104864	10	CCCCGCCCCC	CCGCCGCCGCC	+
3-CCCCGCCCCC	MA1893.1	5	8.43072e-05	0.197448	0.0104864	10	CCCCGCCCCC	CCCCGCCACGCCCACCCCCC	+
3-CCCCGCCCCC	UP00000_2	4	8.73511e-05	0.204576	0.0104864	10	CCCCGCCCCC	TACGCCCCGCCACTCTG	+
3-CCCCGCCCCC	MA1522.1	2	8.87349e-05	0.207817	0.0104864	9	CCCCGCCCCC	CGCCCCTCCCC	+
3-CCCCGCCCCC	MA0753.2	3	8.96939e-05	0.210063	0.0104864	10	CCCCGCCCCC	CCGCCCCCCCCAC	+
3-CCCCGCCCCC	MA1723.1	13	9.50926e-05	0.222707	0.0108396	10	CCCCGCCCCC	CCTTCTGCTTCCTCCCTGCCCACC	-
3-CCCCGCCCCC	MA0657.1	3	0.000103496	0.242387	0.0115097	10	CCCCGCCCCC	ATGCCACGCCCCTTTTTG	+
3-CCCCGCCCCC	MA1821.1	1	0.000107985	0.2529	0.0115147	10	CCCCGCCCCC	CCGCCGCCGCC	-
3-CCCCGCCCCC	UP00033_2	3	0.000108591	0.25432	0.0115147	10	CCCCGCCCCC	TCACCCCGCCCCTAATT	+
3-CCCCGCCCCC	MA1892.1	5	0.000125866	0.294779	0.0130432	10	CCCCGCCCCC	CCCCGCCACGCCCACCCCCC	+
3-CCCCGCCCCC	MA1833.1	0	0.000169362	0.396646	0.0169865	10	CCCCGCCCCC	CGCCGCCGCCGCCGCC	+
3-CCCCGCCCCC	MA0323.1	0	0.000171371	0.40135	0.0169865	10	CCCCGCCCCC	CCCCGCTTCCGGCTT	-
3-CCCCGCCCCC	MA1819.1	2	0.000185779	0.435095	0.0180229	10	CCCCGCCCCC	GCCGCCGCCGCC	+
3-CCCCGCCCCC	MA1817.1	1	0.000198141	0.464046	0.0188217	10	CCCCGCCCCC	CCGCCGCCGCCGC	+
3-CCCCGCCCCC	MA1981.1	0	0.000204961	0.480019	0.0190722	10	CCCCGCCCCC	TCCCGCCCCTTTCCTTTC	-
3-CCCCGCCCCC	MA1820.1	2	0.000211177	0.494577	0.0192576	10	CCCCGCCCCC	GCCGCCGCCGCCG	+
3-CCCCGCCCCC	MA0528.2	1	0.0002699	0.632105	0.023929	10	CCCCGCCCCC	CCTCCTCCCCCC	-
3-CCCCGCCCCC	MA1515.1	2	0.000272899	0.639129	0.023929	9	CCCCGCCCCC	CACCACGCCCA	+
3-CCCCGCCCCC	MA0975.1	-2	0.000286075	0.669988	0.0246111	8	CCCCGCCCCC	CCGCCGCC	+
3-CCCCGCCCCC	MA0976.2	1	0.000321732	0.753497	0.0266722	10	CCCCGCCCCC	CCGCCGCCACCG	+
3-CCCCGCCCCC	MA1001.3	1	0.000321732	0.753497	0.0266722	10	CCCCGCCCCC	CCGCCGCCACCG	+
3-CCCCGCCCCC	MA1517.1	2	0.000338548	0.792879	0.027565	9	CCCCGCCCCC	GGCCACGCCCA	+
3-CCCCGCCCCC	MA1650.1	0	0.000360171	0.843521	0.0288111	10	CCCCGCCCCC	CCCCGCGCACCC	+
3-CCCCGCCCCC	MA0338.1	0	0.000387943	0.908562	0.0304976	7	CCCCGCCCCC	CCCCGCA	+
3-CCCCGCCCCC	MA0450.1	0	0.000404744	0.94791	0.0312791	9	CCCCGCCCCC	TCACGCCCC	-
4-CAGGAAGY	MA1508.1	4	2.19635e-07	0.000514385	0.00101672	8	CAGGAAGC	GAAACAGGAAGT	+
4-CAGGAAGY	MA1942.1	6	9.08106e-07	0.00212678	0.00210188	8	CAGGAAGC	CGTAAACAGGAAGTG	+
4-CAGGAAGY	MA1950.1	5	2.09277e-06	0.00490128	0.00322925	8	CAGGAAGC	GTAAACAGGAAGTG	+
4-CAGGAAGY	MA1954.1	5	7.56327e-06	0.0177132	0.0070169	8	CAGGAAGC	ATCAACAGGAAGTG	+
4-CAGGAAGY	MA1946.1	5	7.79559e-06	0.0182573	0.0070169	8	CAGGAAGC	GTAAACAGGAAGT	+
4-CAGGAAGY	MA1956.1	5	9.09485e-06	0.0213001	0.0070169	8	CAGGAAGC	GTAAACAGGAAGTG	+
4-CAGGAAGY	MA1955.1	5	1.09268e-05	0.0255906	0.00722598	8	CAGGAAGC	GTAAACAGGAAGTG	+
4-CAGGAAGY	MA0474.3	3	1.57544e-05	0.0368969	0.00782281	8	CAGGAAGC	AAACAGGAAGTGGG	+
4-CAGGAAGY	MA1953.1	5	1.86991e-05	0.0437932	0.00782281	8	CAGGAAGC	GTAAACAGGAAGTA	+
4-CAGGAAGY	MA1992.1	3	2.13703e-05	0.0500493	0.00782281	8	CAGGAAGC	AGACAGGAAGTGGGG	+
4-CAGGAAGY	MA0598.3	4	2.13703e-05	0.0500493	0.00782281	8	CAGGAAGC	GAAACAGGAAGTGAG	-
4-CAGGAAGY	MA0761.2	3	2.19687e-05	0.0514508	0.00782281	8	CAGGAAGC	AAACAGGAAGTGAA	+
4-CAGGAAGY	MA0062.3	3	2.19687e-05	0.0514508	0.00782281	8	CAGGAAGC	AAACAGGAAGTGGG	-
4-CAGGAAGY	MA0473.3	3	2.56006e-05	0.0599567	0.0079006	8	CAGGAAGC	AAACAGGAAGTGGG	+
4-CAGGAAGY	MA0640.2	2	2.56006e-05	0.0599567	0.0079006	8	CAGGAAGC	ACCAGGAAGTGGAA	-
4-CAGGAAGY	MA1935.1	5	3.42268e-05	0.0801592	0.00990256	8	CAGGAAGC	GTAAACAGGAAGTG	+
4-CAGGAAGY	MA1936.1	5	4.48085e-05	0.104942	0.0122015	8	CAGGAAGC	GTAAACAGGAAGTG	+
4-CAGGAAGY	MA1947.1	5	5.44233e-05	0.127459	0.0139963	8	CAGGAAGC	GTAAACAGGAAGT	+
4-CAGGAAGY	MA1952.1	5	6.34936e-05	0.148702	0.0154695	8	CAGGAAGC	ATAAACAGGAAGTA	+
4-CAGGAAGY	MA1944.1	1	8.54379e-05	0.200096	0.0197752	8	CAGGAAGC	ACCGGAAGTAATTA	+
4-CAGGAAGY	MA0916.1	0	0.000115001	0.269333	0.0253503	8	CAGGAAGC	CCGGAAGT	+
4-CAGGAAGY	MA0026.1	0	0.000123557	0.28937	0.0259983	7	CAGGAAGC	CCGGAAG	+
4-CAGGAAGY	MA1484.1	2	0.000154672	0.362243	0.0311305	8	CAGGAAGC	GACCGGAAGT	+
4-CAGGAAGY	MA0076.2	1	0.000164522	0.38531	0.0317331	8	CAGGAAGC	GCCGGAAGTGG	-
4-CAGGAAGY	MA1940.1	1	0.000231356	0.541835	0.0428392	8	CAGGAAGC	ACCGGAAGTAATTA	+
4-CAGGAAGY	MA0098.3	1	0.000266776	0.624789	0.0474978	8	CAGGAAGC	ACCGGAAGTG	+
4-CAGGAAGY	MA1937.1	1	0.00027757	0.65007	0.0475894	8	CAGGAAGC	ACCGGAAGTCGTAAAA	+
4-CAGGAAGY	MA0475.2	1	0.000326312	0.764223	0.0520878	8	CAGGAAGC	ACCGGAAGTG	+
4-CAGGAAGY	MA0764.3	1	0.000326312	0.764223	0.0520878	8	CAGGAAGC	ACCGGAAGTG	+
4-CAGGAAGY	UP00090_1	3	0.00039034	0.914176	0.0580867	8	CAGGAAGC	TACAAGGAAGTAA	+
4-CAGGAAGY	MA0760.1	1	0.000399217	0.934965	0.0580867	8	CAGGAAGC	ACCGGAAGTG	+
4-CAGGAAGY	MA0750.2	2	0.000416568	0.975601	0.0580867	8	CAGGAAGC	GCCCGGAAGTGGC	+
4-CAGGAAGY	MA0687.1	5	0.000424214	0.993509	0.0580867	8	CAGGAAGC	AAAAAGAGGAAGTA	+
4-CAGGAAGY	MA1483.2	3	0.000426633	0.999175	0.0580867	8	CAGGAAGC	AACCCGGAAGTA	+
5-RTTDCGHAAY	MA0838.1	0	4.68304e-09	1.09677e-05	1.07639e-05	10	ATTGCGCAAT	ATTGCGCAAT	+
5-RTTDCGHAAY	MA0837.2	1	1.40491e-08	3.29031e-05	1.61459e-05	10	ATTGCGCAAT	TATTGCGCAATA	+
5-RTTDCGHAAY	MA0466.3	1	3.02533e-08	7.08533e-05	2.3179e-05	10	ATTGCGCAAT	TATTGCGCAATA	+
5-RTTDCGHAAY	MA0447.1	0	1.69615e-06	0.00397237	0.000974645	10	ATTGCGCAAT	ATTACGTAAT	+
5-RTTDCGHAAY	MA0639.1	1	5.04138e-06	0.0118069	0.00231751	10	ATTGCGCAAT	TATTACGTAACA	+
5-RTTDCGHAAY	MA0836.2	1	1.7815e-05	0.0417227	0.0068246	10	ATTGCGCAAT	TATTGCACAATAT	+
5-RTTDCGHAAY	MA0843.1	1	2.24457e-05	0.0525678	0.00730273	10	ATTGCGCAAT	TATTACGTAACA	+
5-RTTDCGHAAY	MA1444.1	0	2.54174e-05	0.0595277	0.00730273	10	ATTGCGCAAT	ATTTCGTAATAT	+
5-RTTDCGHAAY	MA0102.4	2	3.24749e-05	0.0760561	0.00829369	10	ATTGCGCAAT	TTATTGCACAATAT	+
5-RTTDCGHAAY	MA1143.1	0	3.67805e-05	0.08614	0.00845398	10	ATTGCGCAAT	ATGACGTAAC	+
5-RTTDCGHAAY	MA0025.2	1	4.7897e-05	0.112175	0.0100083	10	ATTGCGCAAT	TATTATGCAATAT	+
5-RTTDCGHAAY	MA1702.1	1	6.48724e-05	0.151931	0.0124257	10	ATTGCGCAAT	AATTATGCAATT	+
5-RTTDCGHAAY	MA0922.1	0	9.37482e-05	0.219558	0.0165754	9	ATTGCGCAAT	ATTACGTAA	+
5-RTTDCGHAAY	MA0862.1	-1	0.000102234	0.239433	0.0167847	8	ATTGCGCAAT	TTACGTAA	+
5-RTTDCGHAAY	MA1129.1	0	0.000120804	0.282923	0.0185111	10	ATTGCGCAAT	ATGACGTCAT	+
5-RTTDCGHAAY	MA1136.1	0	0.000179616	0.420662	0.0258029	10	ATTGCGCAAT	ATGACGTCAT	+
5-RTTDCGHAAY	MA1131.1	1	0.000240866	0.564109	0.0325665	10	ATTGCGCAAT	GATGACGTCAT	+
5-RTTDCGHAAY	MA1045.1	0	0.000262682	0.615201	0.0335429	10	ATTGCGCAAT	ATTACGTAAA	+
5-RTTDCGHAAY	MA0043.3	2	0.000356042	0.833849	0.0409179	10	ATTGCGCAAT	TTGTTATGCAACAA	+
5-RTTDCGHAAY	MA0284.2	2	0.000356042	0.833849	0.0409179	10	ATTGCGCAAT	TGATTACATAATCA	+
5-RTTDCGHAAY	MA0286.1	0	0.000380954	0.892194	0.0416962	9	ATTGCGCAAT	ATGACGTAA	+
5-RTTDCGHAAY	MA0382.2	4	0.000410217	0.960728	0.0428582	10	ATTGCGCAAT	TTCAATGACGTAATTGA	+
6-ATGACTCASC	MA1448.1	-1	6.03741e-07	0.00141396	0.0027942	7	ATGACTCACC	TGACTCA	+
6-ATGACTCASC	MA0476.1	1	3.06584e-06	0.0071802	0.00358811	10	ATGACTCACC	AATGAGTCACA	-
6-ATGACTCASC	MA0591.1	3	3.12974e-06	0.00732984	0.00358811	10	ATGACTCACC	AGGATGACTCAGCAC	+
6-ATGACTCASC	MA0150.2	4	3.74072e-06	0.00876078	0.00358811	10	ATGACTCACC	CAGCATGACTCAGCA	+
6-ATGACTCASC	MA0501.1	0	4.08256e-06	0.00956135	0.00358811	10	ATGACTCACC	ATGACTCAGCAATTT	+
6-ATGACTCASC	MA0089.2	3	4.76298e-06	0.0111549	0.00358811	10	ATGACTCACC	AGAATGACTCAGCAAT	+
6-ATGACTCASC	MA0303.2	1	5.54875e-06	0.0129952	0.00358811	10	ATGACTCACC	AATGACTCATC	+
6-ATGACTCASC	MA1928.1	1	6.20225e-06	0.0145257	0.00358811	10	ATGACTCACC	TATGACTCACAA	-
6-ATGACTCASC	MA1130.1	1	1.0345e-05	0.024228	0.00502185	10	ATGACTCACC	GATGACTCATCC	-
6-ATGACTCASC	MA0841.1	1	1.20408e-05	0.0281995	0.00502185	10	ATGACTCACC	CATGACTCATC	+
6-ATGACTCASC	MA0659.3	3	1.23987e-05	0.0290379	0.00502185	10	ATGACTCACC	GTGCTGACTCAGCAG	+
6-ATGACTCASC	MA0478.1	0	1.30208e-05	0.0304948	0.00502185	10	ATGACTCACC	ATGAGTCATCC	-
6-ATGACTCASC	MA1141.1	2	1.47919e-05	0.0346425	0.00502308	10	ATGACTCACC	CGATGACTCATCC	-
6-ATGACTCASC	MA0489.2	1	1.628e-05	0.0381278	0.00502308	10	ATGACTCACC	TATGACTCATCT	+
6-ATGACTCASC	MA1134.1	2	1.628e-05	0.0381278	0.00502308	10	ATGACTCACC	GGATGACTCATC	-
6-ATGACTCASC	UP00103_2	4	2.39152e-05	0.0560094	0.00637584	10	ATGACTCACC	ATTGATGAGTCACCAA	+
6-ATGACTCASC	MA0477.2	2	2.48589e-05	0.0582196	0.00637584	10	ATGACTCACC	TGATGACTCATCC	+
6-ATGACTCASC	MA1138.1	0	2.71899e-05	0.0636787	0.00637584	10	ATGACTCACC	ATGAGTCATC	-
6-ATGACTCASC	MA1135.1	0	2.91777e-05	0.0683343	0.00637584	10	ATGACTCACC	ATGAGTCATC	-
6-ATGACTCASC	MA1144.1	0	2.91777e-05	0.0683343	0.00637584	10	ATGACTCACC	ATGAGTCATC	-
6-ATGACTCASC	MA0496.3	2	2.94955e-05	0.0690785	0.00637584	10	ATGACTCACC	TGCTGACTCAGCAAT	+
6-ATGACTCASC	MA0655.1	0	3.03077e-05	0.0709807	0.00637584	9	ATGACTCACC	ATGACTCAT	+
6-ATGACTCASC	MA1128.1	2	3.93819e-05	0.0922324	0.00778099	10	ATGACTCACC	TGATGACTCATCC	+
6-ATGACTCASC	MA1988.1	1	4.12955e-05	0.0967139	0.00778099	10	ATGACTCACC	GATGACTCATA	+
6-ATGACTCASC	MA1633.2	0	4.24828e-05	0.0994947	0.00778099	9	ATGACTCACC	ATGACTCAT	+
6-ATGACTCASC	MA1142.1	0	4.37121e-05	0.102374	0.00778099	10	ATGACTCACC	ATGAGTCATC	-
6-ATGACTCASC	MA0099.3	0	4.97144e-05	0.116431	0.00821733	10	ATGACTCACC	ATGAGTCATC	+
6-ATGACTCASC	MA0491.2	2	5.75744e-05	0.134839	0.00899311	10	ATGACTCACC	TGATGACTCATCC	+
6-ATGACTCASC	MA1137.1	2	7.67757e-05	0.179809	0.0101187	10	ATGACTCACC	TGATGACTCATAC	+
6-ATGACTCASC	MA1634.1	1	0.000131358	0.30764	0.0151986	10	ATGACTCACC	TATGACTCATA	+
6-ATGACTCASC	MA0530.1	1	0.000147398	0.345206	0.0155388	10	ATGACTCACC	GATGACTCGGCAAAT	+
6-ATGACTCASC	MA0462.2	1	0.000147728	0.345979	0.0155388	10	ATGACTCACC	TATGACTCATA	+
6-ATGACTCASC	MA1132.1	1	0.00016598	0.388726	0.0170707	9	ATGACTCACC	GATGACTCAT	+
6-ATGACTCASC	MA0490.2	2	0.000201596	0.472138	0.0186603	10	ATGACTCACC	AAATGACTCATTT	+
6-ATGACTCASC	MA1520.1	3	0.000216401	0.506812	0.0192603	10	ATGACTCACC	TTGCTGACTCAGCAT	-
6-ATGACTCASC	MA1101.2	5	0.000224828	0.526547	0.0193708	10	ATGACTCACC	AAAGCATGACTCATCATTT	+
6-ATGACTCASC	MA1521.1	3	0.000230199	0.539127	0.0193708	10	ATGACTCACC	TTGCTGAGTCAGCAA	+
6-ATGACTCASC	MA0835.2	1	0.000278678	0.652663	0.0222372	10	ATGACTCACC	TATGACTCATA	+
7-GCGCATGCGCAGY	MA0506.2	1	1.56967e-06	0.00367616	0.00733563	13	GCGCATGCGCAGC	CGCGCAGGCGCAGGC	-
7-GCGCATGCGCAGY	MA1412.1	-1	0.000403136	0.944144	0.628001	10	GCGCATGCGCAGC	CGCACGTGCA	-
8-CGGCCCCGC	UP00093_1	1	5.44441e-05	0.127508	0.189367	9	CGGCCCCGC	TCGACCCCGCCCCTAT	+
8-CGGCCCCGC	UP00007_1	2	8.31452e-05	0.194726	0.189367	9	CGGCCCCGC	TCCGCCCCCGCATT	+
8-CGGCCCCGC	MA1712.1	7	0.000273812	0.641267	0.208318	9	CGGCCCCGC	AGGCTCCGGGCCCCGGGG	+
8-CGGCCCCGC	MA1095.1	-1	0.000331113	0.775466	0.208318	8	CGGCCCCGC	GGGCCCAC	+
8-CGGCCCCGC	MA1098.1	-1	0.000331113	0.775466	0.208318	8	CGGCCCCGC	GGGCCCAC	+
9-CTTATCTS	MA0037.4	3	2.4687e-05	0.057817	0.0862001	8	CTTATCTC	TTTCTTATCTGT	+
9-CTTATCTS	MA0482.2	3	5.32222e-05	0.124646	0.0862001	8	CTTATCTC	TTCCTTATCTTT	+
9-CTTATCTS	MA0036.3	2	5.52517e-05	0.129399	0.0862001	8	CTTATCTC	TTCTTATCTTT	+
9-CTTATCTS	MA0439.1	0	9.96537e-05	0.233389	0.116605	8	CTTATCTC	CTTATCTCCGC	+
9-CTTATCTS	UP00032_1	8	0.000159658	0.373919	0.149453	8	CTTATCTC	CTTTATTTCTTATCTCTAAAAA	-
9-CTTATCTS	MA0140.2	0	0.000238927	0.559566	0.153934	8	CTTATCTC	CTTATCTGTGAGGAGCAG	+
9-CTTATCTS	MA0766.2	2	0.000251165	0.588229	0.153934	8	CTTATCTC	TCCTTATCTG	-
9-CTTATCTS	MA1875.1	6	0.000263113	0.61621	0.153934	8	CTTATCTC	AAATATCTTATCTTATTTTT	-
9-CTTATCTS	MA1970.1	3	0.000309386	0.724583	0.156908	8	CTTATCTC	TATCTTATCTTT	+
9-CTTATCTS	MA1439.1	0	0.000335244	0.785142	0.156908	8	CTTATCTC	CTTATCAG	-
9-CTTATCTS	MA1825.1	3	0.00037809	0.885487	0.160874	8	CTTATCTC	AACCTTATCTG	+
10-ACCRCAR	MA0242.1	2	3.88824e-06	0.00910627	0.0182125	7	ACCGCAG	TAACCGCAA	+
10-ACCRCAR	MA0511.2	2	1.22907e-05	0.0287847	0.0287847	7	ACCGCAG	AAACCGCAA	+
10-ACCRCAR	MA0002.2	2	0.000161565	0.378385	0.252256	7	ACCGCAG	AAACCACAGAC	-
11-CCTCCC	MA1965.1	2	1.639e-05	0.0383853	0.0535056	6	CCTCCC	CCCCTCCCCC	+
11-CCTCCC	MA0528.2	3	2.29459e-05	0.0537392	0.0535056	6	CCTCCC	CCTCCTCCCCCC	-
11-CCTCCC	MA1596.1	7	3.60575e-05	0.0844468	0.0559594	6	CCTCCC	GCCTCAGCCTCCCGAG	+
11-CCTCCC	MA1522.1	4	5.14249e-05	0.120437	0.0559594	6	CCTCCC	CGCCCCTCCCC	+
11-CCTCCC	MA1653.1	4	5.99954e-05	0.140509	0.0559594	6	CCTCCC	CCCCCCTCCCCC	+
11-CCTCCC	MA1627.1	2	0.000125564	0.294071	0.0901978	6	CCTCCC	CCCCTCCCCCACAC	+
11-CCTCCC	MA1630.2	4	0.000135385	0.317071	0.0901978	6	CCTCCC	CTCCCCTCCCCC	-
12-AGGAAGTG	MA0473.3	4	4.65678e-07	0.00109062	0.000696963	8	AGGAAGTG	AAACAGGAAGTGGG	+
12-AGGAAGTG	MA0062.3	4	4.65678e-07	0.00109062	0.000696963	8	AGGAAGTG	AAACAGGAAGTGGG	-
12-AGGAAGTG	MA0598.3	5	5.32204e-07	0.00124642	0.000696963	8	AGGAAGTG	GAAACAGGAAGTGAG	-
12-AGGAAGTG	MA0081.2	5	5.98729e-07	0.00140222	0.000696963	8	AGGAAGTG	AAAAGAGGAAGTGAAA	-
12-AGGAAGTG	MA0474.3	4	1.5746e-06	0.00368772	0.0010474	8	AGGAAGTG	AAACAGGAAGTGGG	+
12-AGGAAGTG	MA0761.2	4	1.5746e-06	0.00368772	0.0010474	8	AGGAAGTG	AAACAGGAAGTGAA	+
12-AGGAAGTG	MA0640.2	3	1.5746e-06	0.00368772	0.0010474	8	AGGAAGTG	ACCAGGAAGTGGAA	-
12-AGGAAGTG	MA1992.1	4	1.79955e-06	0.00421454	0.0010474	8	AGGAAGTG	AGACAGGAAGTGGGG	+
12-AGGAAGTG	MA0080.6	6	2.24943e-06	0.00526817	0.00116378	8	AGGAAGTG	AAAAAGAGGAAGTGGAA	+
12-AGGAAGTG	MA1955.1	6	1.67781e-05	0.0392943	0.00710214	8	AGGAAGTG	GTAAACAGGAAGTG	+
12-AGGAAGTG	MA1956.1	6	1.67781e-05	0.0392943	0.00710214	8	AGGAAGTG	GTAAACAGGAAGTG	+
12-AGGAAGTG	MA0136.3	3	3.2648e-05	0.0764617	0.0126682	8	AGGAAGTG	AGAAGGAAGTGA	+
12-AGGAAGTG	MA1954.1	6	4.5707e-05	0.107046	0.0163711	8	AGGAAGTG	ATCAACAGGAAGTG	+
12-AGGAAGTG	MA1942.1	7	7.46912e-05	0.174927	0.0248417	8	AGGAAGTG	CGTAAACAGGAAGTG	+
12-AGGAAGTG	MA1935.1	6	8.91109e-05	0.208698	0.0276617	8	AGGAAGTG	GTAAACAGGAAGTG	+
12-AGGAAGTG	MA1936.1	6	0.000133829	0.313428	0.0389467	8	AGGAAGTG	GTAAACAGGAAGTG	+
12-AGGAAGTG	MA1652.1	2	0.000151566	0.354968	0.0415138	8	AGGAAGTG	GGAGGAGGTGAGAA	+
12-AGGAAGTG	MA1950.1	6	0.000192145	0.450005	0.0497046	8	AGGAAGTG	GTAAACAGGAAGTG	+
12-AGGAAGTG	MA0645.1	2	0.000230852	0.540655	0.0560759	8	AGGAAGTG	AGCGGAAGTG	+
12-AGGAAGTG	MA1952.1	6	0.000240861	0.564097	0.0560759	8	AGGAAGTG	ATAAACAGGAAGTA	+
12-AGGAAGTG	MA0076.2	2	0.000268234	0.628203	0.0589759	8	AGGAAGTG	GCCGGAAGTGG	-
12-AGGAAGTG	MA1953.1	6	0.000283923	0.664947	0.0589759	8	AGGAAGTG	GTAAACAGGAAGTA	+
12-AGGAAGTG	MA0750.2	3	0.000302051	0.707402	0.0589759	8	AGGAAGTG	GCCCGGAAGTGGC	+
12-AGGAAGTG	MA0763.1	2	0.00032207	0.754289	0.0589759	8	AGGAAGTG	ACCGGAAGTG	+
12-AGGAAGTG	MA0764.3	2	0.00032207	0.754289	0.0589759	8	AGGAAGTG	ACCGGAAGTG	+
12-AGGAAGTG	MA1708.1	3	0.000329313	0.771251	0.0589759	8	AGGAAGTG	AGGCGGAAGTG	+
12-AGGAAGTG	MA0760.1	2	0.000352852	0.826379	0.060851	8	AGGAAGTG	ACCGGAAGTG	+
12-AGGAAGTG	UP00085_1	5	0.000392974	0.920344	0.0653499	8	AGGAAGTG	TTAAGAGGAAGTTA	+
12-AGGAAGTG	MA0759.2	2	0.000424148	0.993354	0.0681017	8	AGGAAGTG	ACCGGAAGTGG	+
13-CAGCAGAGGGCGC	MA1102.2	-1	1.97501e-07	0.000462548	0.000512126	12	CAGCAGAGGGCGC	AGCAGGGGGCGC	+
13-CAGCAGAGGGCGC	MA0139.1	4	2.18979e-07	0.00051285	0.000512126	13	CAGCAGAGGGCGC	TGGCCACCAGGGGGCGCTA	+
13-CAGCAGAGGGCGC	MA1929.1	19	6.85267e-07	0.0016049	0.00106444	13	CAGCAGAGGGCGC	CTGCAGTTCCAGCTGTGGCCACCAGGGGGCGCTA	+
13-CAGCAGAGGGCGC	MA1930.1	20	9.10283e-07	0.00213188	0.00106444	13	CAGCAGAGGGCGC	CTGCAGTTCCCCCTTCTGGCCACTAGGGGGCGCTA	+
13-CAGCAGAGGGCGC	MA0531.1	1	1.34e-05	0.0313828	0.0125354	13	CAGCAGAGGGCGC	CCGCTAGATGGCGCC	+
13-CAGCAGAGGGCGC	MA0697.2	2	0.000239635	0.561226	0.186811	11	CAGCAGAGGGCGC	CACAGCAGGAGGC	+
13-CAGCAGAGGGCGC	MA1629.1	4	0.000424271	0.993643	0.263276	10	CAGCAGAGGGCGC	CTCACAGCAGGGGG	+
14-AGCCGCCGCCGC	MA1245.2	-1	3.72002e-08	8.71229e-05	8.01003e-05	11	AGCCGCCGCCGC	GCCGCCGCCGC	+
14-AGCCGCCGCCGC	MA1819.1	-1	4.27568e-08	0.000100136	8.01003e-05	11	AGCCGCCGCCGC	GCCGCCGCCGCC	+
14-AGCCGCCGCCGC	MA1005.2	-1	5.29916e-08	0.000124106	8.01003e-05	11	AGCCGCCGCCGC	GCCGCCGCCGC	+
14-AGCCGCCGCCGC	MA1820.1	-1	7.23036e-08	0.000169335	8.14459e-05	11	AGCCGCCGCCGC	GCCGCCGCCGCCG	+
14-AGCCGCCGCCGC	MA1817.1	1	8.98031e-08	0.000210319	8.14459e-05	12	AGCCGCCGCCGC	CCGCCGCCGCCGC	+
14-AGCCGCCGCCGC	MA1833.1	3	1.11529e-07	0.000261202	8.42919e-05	12	AGCCGCCGCCGC	CGCCGCCGCCGCCGCC	+
14-AGCCGCCGCCGC	MA2022.1	1	2.00383e-07	0.000469298	0.000129811	12	AGCCGCCGCCGC	CCGCCGCCGCCGCCGCC	+
14-AGCCGCCGCCGC	MA1832.1	-2	3.79512e-07	0.000888817	0.000191219	10	AGCCGCCGCCGC	CCGCCGCCGCC	+
14-AGCCGCCGCCGC	MA1821.1	-2	3.79512e-07	0.000888817	0.000191219	10	AGCCGCCGCCGC	CCGCCGCCGCC	-
14-AGCCGCCGCCGC	MA1264.1	1	6.92617e-07	0.00162211	0.000314081	12	AGCCGCCGCCGC	CCGCCGCCGCCGCCG	-
14-AGCCGCCGCCGC	MA1228.1	2	9.44326e-07	0.00221161	0.00035699	12	AGCCGCCGCCGC	GCCGCCGCCGCCGCCGC	-
14-AGCCGCCGCCGC	MA2013.1	0	9.4469e-07	0.00221246	0.00035699	12	AGCCGCCGCCGC	CGTCGCCGCCGCAGC	+
14-AGCCGCCGCCGC	MA1671.1	0	1.16269e-06	0.00272302	0.000405573	11	AGCCGCCGCCGC	CGCCGCCGCCG	+
14-AGCCGCCGCCGC	MA1225.1	1	1.26374e-06	0.00295967	0.000409333	12	AGCCGCCGCCGC	CCACCGCCGCCGCCA	+
14-AGCCGCCGCCGC	MA1000.2	0	1.35536e-06	0.00317424	0.000409742	12	AGCCGCCGCCGC	CTCCGCCGCCGCCAC	-
14-AGCCGCCGCCGC	MA1239.1	3	1.58476e-06	0.00371151	0.00044915	12	AGCCGCCGCCGC	CGCCGCCGCCGCCGCCGCC	+
14-AGCCGCCGCCGC	MA1221.1	1	2.2947e-06	0.00537419	0.000612104	12	AGCCGCCGCCGC	CCTCCGCCGCCGCCA	-
14-AGCCGCCGCCGC	MA1818.1	-3	3.00391e-06	0.00703515	0.000748778	9	AGCCGCCGCCGC	CGCCGCCGCC	+
14-AGCCGCCGCCGC	MA1240.1	8	3.28701e-06	0.00769817	0.000748778	12	AGCCGCCGCCGC	TCCACCGCCTCCGCCGCCGCC	+
14-AGCCGCCGCCGC	MA1247.1	1	3.30244e-06	0.00773432	0.000748778	12	AGCCGCCGCCGC	CCACCGCCGCCGCCA	-
14-AGCCGCCGCCGC	MA1252.1	1	3.50243e-06	0.0082027	0.000756308	12	AGCCGCCGCCGC	CCGCCGCCGCCGCCA	+
14-AGCCGCCGCCGC	MA1262.1	4	4.02779e-06	0.00943308	0.000830218	12	AGCCGCCGCCGC	CCGCCGCCTCCGCCGCCGCCA	+
14-AGCCGCCGCCGC	MA0975.1	-2	4.87876e-06	0.0114261	0.0009619	8	AGCCGCCGCCGC	CCGCCGCC	+
14-AGCCGCCGCCGC	MA1049.1	-3	7.9628e-06	0.0186489	0.00144827	8	AGCCGCCGCCGC	CGCCGCCG	+
14-AGCCGCCGCCGC	MA1754.1	1	7.98439e-06	0.0186994	0.00144827	12	AGCCGCCGCCGC	CCACCGCCGCCGCCATTTCCG	+
14-AGCCGCCGCCGC	MA1246.1	2	8.97306e-06	0.0210149	0.001565	12	AGCCGCCGCCGC	TCCGCCGCCGCCACCGCCGCC	+
14-AGCCGCCGCCGC	MA1753.1	1	9.91493e-06	0.0232208	0.00166523	12	AGCCGCCGCCGC	CCACCGCCGCCGCCA	+
14-AGCCGCCGCCGC	MA1242.1	-2	1.07803e-05	0.0252475	0.00174591	10	AGCCGCCGCCGC	CCGCCACCGCC	+
14-AGCCGCCGCCGC	MA1257.1	1	1.19354e-05	0.0279527	0.00186633	12	AGCCGCCGCCGC	CCGCCGCCGCCACCGCCGCCG	-
14-AGCCGCCGCCGC	MA0976.2	-2	1.26278e-05	0.0295744	0.00190878	10	AGCCGCCGCCGC	CCGCCGCCACCG	+
14-AGCCGCCGCCGC	MA1001.3	-2	1.49913e-05	0.0351097	0.00219294	10	AGCCGCCGCCGC	CCGCCGCCACCG	+
14-AGCCGCCGCCGC	MA0994.2	1	1.67895e-05	0.0393209	0.00237602	12	AGCCGCCGCCGC	CCACCGCCGCCGTCACCG	-
14-AGCCGCCGCCGC	MA1034.1	-3	1.74435e-05	0.0408527	0.00237602	8	AGCCGCCGCCGC	CGCCGCCG	+
14-AGCCGCCGCCGC	MA1721.1	0	1.78148e-05	0.0417223	0.00237602	12	AGCCGCCGCCGC	CGCCGCTGCCGCTGCC	-
14-AGCCGCCGCCGC	MA0535.1	1	2.12182e-05	0.049693	0.00274908	12	AGCCGCCGCCGC	CAGGCGCCGCCGCCG	+
14-AGCCGCCGCCGC	MA1804.1	-2	3.32468e-05	0.0778641	0.0041879	10	AGCCGCCGCCGC	CCGCCGCCGT	+
14-AGCCGCCGCCGC	MA1236.1	2	3.56908e-05	0.0835878	0.00437423	12	AGCCGCCGCCGC	TCCTCCGCCGCCACCTCCG	-
14-AGCCGCCGCCGC	MA1261.1	-2	4.79475e-05	0.112293	0.00572176	10	AGCCGCCGCCGC	CCGCCGCCGCAACAG	-
14-AGCCGCCGCCGC	MA0979.1	-3	5.27896e-05	0.123633	0.00613807	8	AGCCGCCGCCGC	CGCCGCCC	+
14-AGCCGCCGCCGC	MA1053.1	-2	5.57581e-05	0.130585	0.00632114	8	AGCCGCCGCCGC	GCGCCGCC	+
14-AGCCGCCGCCGC	MA1004.1	-3	5.88778e-05	0.137892	0.00640923	8	AGCCGCCGCCGC	CGCCGCCA	+
14-AGCCGCCGCCGC	MA1250.1	1	5.93618e-05	0.139025	0.00640923	12	AGCCGCCGCCGC	CCACCTCCACCGCCA	+
14-AGCCGCCGCCGC	MA0998.1	-2	7.03661e-05	0.164797	0.00742067	10	AGCCGCCGCCGC	CCGCCGCCAT	+
14-AGCCGCCGCCGC	MA1231.2	4	7.29878e-05	0.170937	0.00752221	10	AGCCGCCGCCGC	CCTTAGCCGCCGCC	+
14-AGCCGCCGCCGC	MA1051.1	-2	8.6124e-05	0.201702	0.00850187	8	AGCCGCCGCCGC	GCGCCGCC	+
14-AGCCGCCGCCGC	MA1266.1	1	8.92008e-05	0.208908	0.00850187	12	AGCCGCCGCCGC	CCGCCGCCGCCGGCG	+
14-AGCCGCCGCCGC	MA0544.1	0	8.97118e-05	0.210105	0.00850187	12	AGCCGCCGCCGC	AGCGGCCGACAC	-
14-AGCCGCCGCCGC	MA1256.1	1	8.99928e-05	0.210763	0.00850187	12	AGCCGCCGCCGC	CCTCCGCCGCCATTTCCGCCG	-
14-AGCCGCCGCCGC	MA0997.1	-2	0.000104217	0.244077	0.00964476	9	AGCCGCCGCCGC	GCGCCGCCA	+
14-AGCCGCCGCCGC	MA0567.1	-3	0.00010887	0.254974	0.00987386	8	AGCCGCCGCCGC	CGCCGCCA	+
14-AGCCGCCGCCGC	MA0992.2	-1	0.000111846	0.261943	0.00994486	11	AGCCGCCGCCGC	GCCGCCGTCATA	+
14-AGCCGCCGCCGC	MA1244.1	0	0.000130949	0.306684	0.0114195	12	AGCCGCCGCCGC	CGCCGCCGCCATTTCCGCC	-
14-AGCCGCCGCCGC	MA1232.1	7	0.000161909	0.37919	0.0138529	12	AGCCGCCGCCGC	CCACCACCGCCTCCACCGCC	-
14-AGCCGCCGCCGC	MA1226.1	2	0.000205327	0.480875	0.0172425	12	AGCCGCCGCCGC	TCCACCGCCTCCACC	-
14-AGCCGCCGCCGC	MA1222.1	1	0.00025175	0.589598	0.0207565	12	AGCCGCCGCCGC	CCACCTCCACCGCCA	+
14-AGCCGCCGCCGC	UP00007_1	-1	0.000256515	0.600758	0.0207717	11	AGCCGCCGCCGC	TCCGCCCCCGCATT	+
14-AGCCGCCGCCGC	MA1938.1	0	0.000378531	0.886519	0.0296791	12	AGCCGCCGCCGC	AGCAGCTGCCGGAAGTA	+
14-AGCCGCCGCCGC	MA1233.2	-2	0.000379604	0.889032	0.0296791	10	AGCCGCCGCCGC	CCGCCGCCGACAAAA	+
14-AGCCGCCGCCGC	MA1529.1	1	0.000413762	0.96903	0.0318014	12	AGCCGCCGCCGC	GGGCCGCAGCTGCGTCCC	+

# Tomtom (Motif Comparison Tool): Version 5.5.5 compiled on Dec  6 2023 at 19:32:49
# The format of this file is described at https://meme-suite.org/meme/doc/tomtom-output-format.html.
# tomtom -verbosity 1 -oc streme_tomtom_out -min-overlap 5 -dist pearson -evalue -thresh 1 -no-ssc streme_out/streme.xml db/motif_databases/MOUSE/uniprobe_mouse.meme db/motif_databases/JASPAR/JASPAR2022_CORE_non-redundant_v2.meme
