db_index	motif_id	motif_alt_id	consensus	E-value	adj_p-value	log_adj_p-value	bin_location	bin_width	total_width	sites_in_bin	total_sites	p_success	p-value	mult_tests
   4	MA0511.2	RUNX2	WAACCGCAA	3.2e-67	   1.4e-70	        -160.87	         0.0	     80.0	        192	        1192	       1919	  0.41667	1.4e-72	        95
   2	1-AAACCACAGM	STREME-1	AAACCACAGM	1.6e-49	   6.7e-53	        -120.14	         0.0	     73.0	        191	        1153	       2094	  0.38220	7.0e-55	        95
   2	10-ACCRCAR	STREME-10	ACCRCAR	1.2e-48	   5.0e-52	        -118.12	         0.0	     78.0	        194	        1120	       1944	  0.40206	5.2e-54	        96
   4	MA0242.1	Bgb::run	WAACCGCAA	5.1e-41	   2.2e-44	        -100.55	         0.0	     76.0	        192	         738	       1236	  0.39583	2.3e-46	        95
   4	MA0684.2	RUNX3	NHAACCTCAANN	3.3e-38	   1.4e-41	         -94.07	         0.0	     71.0	        189	        1061	       2012	  0.37566	1.5e-43	        94
   1	WAACCACA	MEME-2	WAACCACA	6.9e-36	   2.9e-39	         -88.73	         0.0	     81.0	        193	         724	       1178	  0.41969	3.0e-41	        96
   4	MA0002.2	Runx1	BBYTGTGGTTT	3.9e-33	   1.7e-36	         -82.38	         0.0	     90.0	        190	        1441	       2378	  0.47368	1.8e-38	        94
   4	MA1989.1	Bcl11B	NNAAACCACAARNN	1.8e-25	   7.8e-29	         -64.72	         0.0	     71.0	        187	        1060	       2107	  0.37968	8.4e-31	        93
   4	MA0334.1	MET32	MGCCACA	5.8e-20	   2.5e-23	         -52.05	         0.0	     66.0	        194	        1110	       2525	  0.34021	2.6e-25	        96
   4	MA1804.1	WIN1	VCRCCGCMRY	4.6e-19	   1.9e-22	         -49.99	         0.0	    105.0	        191	        1528	       2340	  0.54974	2.1e-24	        95
   4	MA0034.1	Gam1	SVYAACCGMC	1.4e-18	   5.7e-22	         -48.91	         0.0	     73.0	        191	         940	       1896	  0.38220	6.0e-24	        95
   4	MA0695.1	ZBTB7C	RCGACCACCGAN	1.4e-13	   5.8e-17	         -37.39	         0.0	     79.0	        189	        1043	       2023	  0.41799	6.2e-19	        94
   4	MA1261.1	ERF122	HDDHTRCGGCKGHGG	1.9e-12	   8.1e-16	         -34.75	         0.0	     78.0	        186	         742	       1392	  0.41935	8.8e-18	        92
   4	MA1177.1	MYB65	WHYVTAACCGHMW	4.7e-12	   2.0e-15	         -33.84	         0.0	     72.0	        188	         666	       1341	  0.38298	2.2e-17	        93
   4	MA0098.3	ETS1	ACCGGAARTR	7.3e-10	   3.1e-13	         -28.81	         0.0	     63.0	        191	         700	       1658	  0.32984	3.2e-15	        95
   4	MA0332.1	MET28	CTGTGG	1.0e-9	   4.2e-13	         -28.49	         0.0	     87.0	        195	         626	       1113	  0.44615	4.4e-15	        97
   4	MA0474.3	Erg	NNACAGGAAGTGVN	2.7e-9	   1.1e-12	         -27.50	         0.0	     87.0	        187	        1173	       2142	  0.46524	1.2e-14	        93
   4	MA0764.3	ETV4	ACCGGAAGTR	3.3e-9	   1.4e-12	         -27.30	         0.0	     63.0	        191	         719	       1720	  0.32984	1.5e-14	        95
   4	MA0076.2	ELK4	BCRCTTCCGGB	4.9e-9	   2.1e-12	         -26.91	         0.0	     96.0	        190	         942	       1569	  0.50526	2.2e-14	        94
   4	MA1484.1	ETS2	DACCGGAAGY	7.2e-9	   3.1e-12	         -26.51	         0.0	    145.0	        191	        1069	       1264	  0.75916	3.2e-14	        95
   2	4-CAGGAAGY	STREME-4	CAGGAAGY	1.9e-8	   8.2e-12	         -25.52	         0.0	     63.0	        193	         580	       1376	  0.32642	8.6e-14	        96
   4	MA0475.2	FLI1	ACCGGAARTR	2.9e-8	   1.2e-11	         -25.11	         0.0	    145.0	        191	        1103	       1310	  0.75916	1.3e-13	        95
   4	MA0130.1	ZNF354C	MTCCAC	3.0e-8	   1.3e-11	         -25.09	         0.0	     81.0	        195	        1199	       2452	  0.41538	1.3e-13	        97
   4	MA0760.1	ERF	ACCGGAAGTR	4.0e-8	   1.7e-11	         -24.79	         0.0	    105.0	        191	         957	       1489	  0.54974	1.8e-13	        95
   4	MA1483.2	ELF2	AAMCCGGAAGTR	7.1e-8	   3.0e-11	         -24.22	         0.0	    121.0	        189	        1097	       1507	  0.64021	3.2e-13	        94
   4	MA1992.1	Ikzf3	NNRCAGGAAGTGGVN	1.1e-7	   4.7e-11	         -23.78	         0.0	     84.0	        186	        1206	       2292	  0.45161	5.1e-13	        92
   4	MA0761.2	ETV1	NNACAGGAAGTGNN	1.1e-7	   4.7e-11	         -23.77	         0.0	     87.0	        187	        1168	       2155	  0.46524	5.1e-13	        93
   4	MA1434.1	NCU02182	WACCCAB	1.8e-7	   7.7e-11	         -23.29	         0.0	     80.0	        194	         680	       1337	  0.41237	8.0e-13	        96
   4	MA1856.1	Fli-Erg-b	NNNNNBRYTTCCGGTNNNNNNN	2.6e-7	   1.1e-10	         -22.91	         0.0	     51.0	        179	         695	       1939	  0.28492	1.3e-12	        89
   3	UP00013_1	Gabpa_primary	MNWWACCGGAAGTDNNN	3.4e-7	   1.4e-10	         -22.67	         0.0	    106.0	        184	         821	       1219	  0.57609	1.6e-12	        91
   4	MA0645.1	ETV6	MSCGGAAGTR	5.8e-7	   2.4e-10	         -22.13	         0.0	     73.0	        191	         862	       1871	  0.38220	2.6e-12	        95
   4	MA0062.3	GABPA	NNCACTTCCTGTNN	9.9e-7	   4.2e-10	         -21.59	         0.0	     63.0	        187	         911	       2243	  0.33690	4.5e-12	        93
   2	12-AGGAAGTG	STREME-12	AGGAAGTG	1.5e-6	   6.3e-10	         -21.18	         0.0	     85.0	        193	         872	       1666	  0.44041	6.6e-12	        96
   4	MA0483.1	Gfi1B	AAATCWCWGCH	1.8e-6	   7.8e-10	         -20.97	         0.0	     80.0	        190	         553	       1054	  0.42105	8.3e-12	        94
   4	MA0156.3	FEV	VACCGGAAGTVV	2.5e-6	   1.1e-9	         -20.67	         0.0	    141.0	        189	         760	        906	  0.74603	1.1e-11	        94
   4	MA1942.1	ETV2::FOXI1	BGTAAACAGGAAGYR	5.6e-6	   2.4e-9	         -19.86	         0.0	    116.0	        186	        1179	       1683	  0.62366	2.6e-11	        92
   4	MA1935.1	ERF::FOXI1	RTAAACMGGAARTR	7.5e-6	   3.2e-9	         -19.57	         0.0	     69.0	        187	         927	       2114	  0.36898	3.4e-11	        93
   4	MA0473.3	ELF1	RDVCAGGAAGTGVN	1.5e-5	   6.2e-9	         -18.89	         0.0	     57.0	        187	         782	       2109	  0.30481	6.7e-11	        93
   4	MA1954.1	FOXO1::ELK1	RWMAACAGGAAGTD	2.0e-5	   8.6e-9	         -18.58	         0.0	    149.0	        187	        1152	       1333	  0.79679	9.2e-11	        93
   4	MA1950.1	FLI1::FOXI1	RTAAACAGGAARYN	2.3e-5	   9.6e-9	         -18.46	         0.0	    109.0	        187	        1045	       1580	  0.58289	1.0e-10	        93
   4	MA0765.3	ETV5	ACCGGAAGTR	3.1e-5	   1.3e-8	         -18.14	         0.0	    145.0	        191	         662	        777	  0.75916	1.4e-10	        95
   4	MA0026.1	Eip74EF	CCGGAAR	3.8e-5	   1.6e-8	         -17.93	         0.0	    124.0	        194	        1400	       1983	  0.63918	1.7e-10	        96
   2	2-AAAGAGGAAGTG	STREME-2	AAAGAGGAAGTG	4.5e-5	   1.9e-8	         -17.77	         0.0	     73.0	        189	         854	       1867	  0.38624	2.0e-10	        94
   4	MA0598.3	EHF	NNCACTTCCTGTTNN	4.9e-5	   2.1e-8	         -17.68	         0.0	     86.0	        186	        1125	       2122	  0.46237	2.3e-10	        92
   4	MA0750.2	ZBTB7A	NVCCGGAAGTGSV	1.7e-4	   7.3e-8	         -16.43	         0.0	    120.0	        188	        1472	       2100	  0.63830	7.9e-10	        93
   4	MA0762.1	ETV2	AACCGGAAATR	1.9e-4	   7.9e-8	         -16.36	         0.0	     98.0	        190	         613	       1003	  0.51579	8.4e-10	        94
   4	MA0641.1	ELF4	AACCCGGAAGTR	2.4e-4	   1.0e-7	         -16.08	         0.0	     97.0	        189	         547	        891	  0.51323	1.1e-9	        94
   4	MA0028.2	ELK1	ACCGGAAGTR	4.6e-4	   2.0e-7	         -15.45	         0.0	    145.0	        191	         700	        830	  0.75916	2.1e-9	        95
   4	MA1957.1	HOXB2::ELK1	RCCGGAAGTMRTTA	8.4e-4	   3.6e-7	         -14.85	         0.0	    145.0	        187	         539	        621	  0.77540	3.8e-9	        93
   4	MA1367.1	AT1G76870	AWHHWAAACCRSWW	8.5e-4	   3.6e-7	         -14.83	         0.0	     71.0	        187	         557	       1206	  0.37968	3.9e-9	        93
   4	MA1946.1	ETV5::FOXI1	GTAAACAGGAWGY	9.6e-4	   4.1e-7	         -14.72	         0.0	     72.0	        188	         588	       1270	  0.38298	4.4e-9	        93
   4	MA1853.1	Erf-a	NNNNRNCGGAAGTNNNNNNN	1.1e-3	   4.6e-7	         -14.59	         0.0	     49.0	        181	         752	       2314	  0.27072	5.1e-9	        90
   1	NRAAAGAGGAAGTGR	MEME-1	NRAAAGAGGAAGTGR	2.1e-3	   8.7e-7	         -13.95	         0.0	     84.0	        186	        1104	       2155	  0.45161	9.5e-9	        92
   4	MA1708.1	ETV7	DGSCGGAAGTR	2.8e-3	   1.2e-6	         -13.64	         0.0	     86.0	        190	        1085	       2113	  0.45263	1.3e-8	        94
   4	MA0837.2	CEBPE	KATTGCGCAATM	2.9e-3	   1.2e-6	         -13.62	         0.0	    133.0	        189	         176	        202	  0.70370	1.3e-8	        94
   4	MA0759.2	ELK3	ACCGGAAGTRV	4.2e-3	   1.8e-6	         -13.25	         0.0	    144.0	        190	         519	        611	  0.75789	1.9e-8	        94
   4	MA0640.2	ELF3	NNCCACTTCCTGNT	6.0e-3	   2.6e-6	         -12.88	         0.0	     29.0	        187	         436	       2196	  0.15508	2.7e-8	        93
   4	MA1931.1	ELK1::HOXA1	ACCGGAAGTAATTA	6.1e-3	   2.6e-6	         -12.87	         0.0	    151.0	        187	         442	        492	  0.80749	2.8e-8	        93
   4	MA0081.2	SPIB	TYTCACTTCCTCTTTY	6.9e-3	   2.9e-6	         -12.75	         0.0	    151.0	        185	        1642	       1903	  0.81622	3.2e-8	        92
   4	MA1855.1	Fli-Erg-a	NNNNNNDCCGGAARYNVNNN	8.7e-3	   3.7e-6	         -12.52	         0.0	     73.0	        181	         855	       1837	  0.40331	4.1e-8	        90
   4	MA1768.1	MYB30	BYHCCAACYACCAMC	9.1e-3	   3.8e-6	         -12.47	         0.0	     44.0	        186	         423	       1415	  0.23656	4.2e-8	        92
   4	MA1933.1	ELK1::SREBF2	DCCGGAAGTSRCGTGA	9.5e-3	   4.0e-6	         -12.42	         0.0	    129.0	        185	         342	        421	  0.69730	4.4e-8	        92
   4	MA0979.1	ERF008	CRCCGMCS	1.2e-2	   5.1e-6	         -12.19	         0.0	     93.0	        193	         892	       1627	  0.48187	5.3e-8	        96
   4	MA1944.1	ETV5::DRGX	RSMGGAAGYAATTA	1.5e-2	   6.4e-6	         -11.96	         0.0	     97.0	        187	         766	       1294	  0.51872	6.9e-8	        93
   3	UP00015_1	Ehf_primary	VNNABCCGGAAGTDR	1.5e-2	   6.4e-6	         -11.96	         0.0	    100.0	        186	        1177	       1972	  0.53763	7.0e-8	        92
   4	MA0582.1	RAV1	VNGCAACAKAWD	1.6e-2	   7.0e-6	         -11.88	         0.0	     87.0	        189	        1012	       1945	  0.46032	7.4e-8	        94
   4	MA1949.1	FLI1::DRGX	ACCGGAAGTAATTAT	2.2e-2	   9.2e-6	         -11.60	         0.0	    148.0	        186	         928	       1083	  0.79570	1.0e-7	        92
   4	MA1971.1	ZBED2	NNMMCGAAACCNNV	3.5e-2	   1.5e-5	         -11.12	         0.0	     87.0	        187	         723	       1352	  0.46524	1.6e-7	        93
   4	MA1554.1	RFX7	CGTTGCYAY	3.9e-2	   1.7e-5	         -11.01	         0.0	     64.0	        192	         699	       1786	  0.33333	1.7e-7	        95
   4	MA0260.1	che-1	GAARCC	5.3e-2	   2.2e-5	         -10.70	         0.0	     85.0	        195	         586	       1147	  0.43590	2.3e-7	        97
   4	MA1508.1	IKZF1	VVAACAGGAARN	6.9e-2	   2.9e-5	         -10.44	         0.0	    123.0	        189	        1560	       2226	  0.65079	3.1e-7	        94
   4	MA1854.1	Etv1/4/5	NNNNNRYTTCCGGNNNNNNN	7.6e-2	   3.2e-5	         -10.34	         0.0	     65.0	        181	         826	       1999	  0.35912	3.6e-7	        90
   4	MA0136.3	Elf5	RVAAGGAAGTNN	8.7e-2	   3.7e-5	         -10.20	         0.0	    141.0	        189	        1714	       2166	  0.74603	3.9e-7	        94
   4	MA0763.1	ETV3	ACCGGAAGTR	1.1e-1	   4.8e-5	          -9.95	         0.0	     63.0	        191	         588	       1506	  0.32984	5.0e-7	        95
   3	UP00025_2	Foxk1_secondary	MHAAYMAYAACAHHN	1.8e-1	   7.7e-5	          -9.47	         0.0	     62.0	        186	         649	       1665	  0.33333	8.4e-7	        92
   4	MA1990.1	Gli1	NNRGACCACCCASV	1.9e-1	   8.2e-5	          -9.41	         0.0	     61.0	        187	         594	       1546	  0.32620	8.8e-7	        93
   4	MA0838.1	CEBPG	ATTRCGCAAY	2.2e-1	   9.5e-5	          -9.26	         0.0	    141.0	        191	         355	        424	  0.73822	1.0e-6	        95
   4	MA1932.1	ELK1::HOXB13	ACCGGAAGTHGTAAAV	2.4e-1	   1.0e-4	          -9.21	         0.0	    109.0	        185	         267	        377	  0.58919	1.1e-6	        92
   4	MA0360.1	RDR1	TGCGGAAM	3.3e-1	   1.4e-4	          -8.88	         0.0	     51.0	        193	         122	        315	  0.26425	1.5e-6	        96
   4	MA0305.1	GCR2	GCTTCCH	4.1e-1	   1.8e-4	          -8.65	         0.0	     62.0	        194	         805	       2198	  0.31959	1.8e-6	        96
   4	MA0333.1	MET31	RNTGTGGCG	5.5e-1	   2.3e-4	          -8.37	         0.0	     84.0	        192	         577	       1142	  0.43750	2.4e-6	        95
   4	MA0575.1	MYB77	NADYGACRGTTAS	6.1e-1	   2.6e-4	          -8.26	         0.0	     64.0	        188	         262	        609	  0.34043	2.8e-6	        93
   4	MA1948.1	ETV5::HOXA2	RVCGGAWGTMATTA	6.2e-1	   2.6e-4	          -8.24	         0.0	     59.0	        187	         313	        797	  0.31551	2.8e-6	        93
   3	UP00085_1	Sfpi1_primary	NDAWGVGGAAGTDN	6.6e-1	   2.8e-4	          -8.18	         0.0	     23.0	        187	         339	       2171	  0.12299	3.0e-6	        93
   4	MA0365.1	RFX1	SGTTGCYA	6.9e-1	   2.9e-4	          -8.14	         0.0	     87.0	        193	         464	        879	  0.45078	3.0e-6	        96
   4	MA0139.1	CTCF	YGRCCASYAGRKGGCRSYR	7.2e-1	   3.0e-4	          -8.10	         0.0	    142.0	        182	         624	        737	  0.78022	3.4e-6	        90
   4	MA1857.1	Fli-Erg-c	NNNNNNDCCGGAARHNNNNN	8.4e-1	   3.6e-4	          -7.94	         0.0	     65.0	        181	         883	       2178	  0.35912	4.0e-6	        90
   3	UP00038_1	Spdef_primary	VHRCATCCGGATHYTY	9.1e-1	   3.9e-4	          -7.86	         0.0	     79.0	        185	         654	       1340	  0.42703	4.2e-6	        92
   4	MA1774.1	MYB60	HHWYYYCAACYACYTHHNH	9.5e-1	   4.0e-4	          -7.81	         0.0	    114.0	        182	         591	        844	  0.62637	4.5e-6	        90
   4	MA1781.1	MYB94	HHHYYCCAACYACYWHHHH	1.2e0	   5.2e-4	          -7.56	         0.0	    158.0	        182	         790	        862	  0.86813	5.8e-6	        90
   4	MA0687.1	SPIC	HAAAAGVGGAAGTA	1.3e0	   5.5e-4	          -7.51	         0.0	     89.0	        187	         748	       1399	  0.47594	5.9e-6	        93
   4	MA0466.3	CEBPB	KATTGCGCAATM	1.4e0	   5.8e-4	          -7.45	         0.0	    133.0	        189	         120	        138	  0.70370	6.2e-6	        94
   4	MA1697.1	ARF4	VVACGACAAGNN	1.6e0	   6.9e-4	          -7.28	         0.0	    163.0	        189	        1142	       1265	  0.86243	7.3e-6	        94
   3	UP00090_1	Elf3_primary	DAHVMGGAARTWA	2.1e0	   8.8e-4	          -7.04	         0.0	     86.0	        188	        1060	       2103	  0.45745	9.4e-6	        93
   4	MA0639.1	DBP	NRTTACGTAAYV	2.1e0	   9.0e-4	          -7.02	         0.0	    135.0	        189	         255	        310	  0.71429	9.6e-6	        94
   4	MA1010.1	PHYPADRAFT_64121	NTGTCGGTANNNN	2.2e0	   9.3e-4	          -6.98	         0.0	    142.0	        188	         722	        885	  0.75532	1.0e-5	        93
   3	UP00081_2	Mybl1_secondary	NBACCAACTGCCGHK	2.4e0	   1.0e-3	          -6.88	         0.0	    132.0	        186	         771	       1001	  0.70968	1.1e-5	        92
   4	MA1175.1	MYB81	VTAACHGWWTY	2.5e0	   1.1e-3	          -6.84	         0.0	    140.0	        190	         889	       1123	  0.73684	1.1e-5	        94
   4	MA0080.6	Spi1	RRAAAGAGGAAGTGGDD	2.5e0	   1.1e-3	          -6.84	         0.0	     24.0	        184	         315	       1915	  0.13043	1.2e-5	        91
   4	MA2041.1	MYB13	HNHYYCACCAACCAHH	2.6e0	   1.1e-3	          -6.82	         0.0	     49.0	        185	         370	       1151	  0.26486	1.2e-5	        92
   4	MA1250.1	DREB2D	CCDCCDCCACCGCCD	2.7e0	   1.2e-3	          -6.76	         0.0	    174.0	        186	         814	        840	  0.93548	1.3e-5	        92
   4	MA1754.1	ERF073	YCDYCKCCGCCGCCRYHDYHN	2.8e0	   1.2e-3	          -6.75	         0.0	     26.0	        180	          99	        451	  0.14444	1.3e-5	        89
   4	MA1202.1	AGL55	TCACCA	2.9e0	   1.2e-3	          -6.72	         0.0	     71.0	        195	         441	       1030	  0.36410	1.2e-5	        97
   4	MA1952.1	FOXJ2::ELF1	RTAAACMGGAAGTR	3.3e0	   1.4e-3	          -6.56	         0.0	    109.0	        187	        1147	       1817	  0.58289	1.5e-5	        93
   4	MA1652.1	ZKSCAN5	NNRGGARGTGAGRR	3.5e0	   1.5e-3	          -6.50	         0.0	    147.0	        187	        1334	       1611	  0.78610	1.6e-5	        93
   4	MA1955.1	FOXO1::ELK3	RWMAACAGGAAGTN	3.6e0	   1.5e-3	          -6.49	         0.0	    113.0	        187	         590	        877	  0.60428	1.6e-5	        93
   4	MA0324.1	LEU3	CCKKHWSCGG	3.7e0	   1.6e-3	          -6.47	         0.0	     97.0	        191	         234	        381	  0.50785	1.6e-5	        95
   4	MA1583.1	ZFP57	NNVTTGCCGCANN	4.0e0	   1.7e-3	          -6.37	         0.0	     58.0	        188	         323	        861	  0.30851	1.8e-5	        93
   4	MA1956.1	FOXO1::FLI1	GTAAACAGGAAGTK	4.2e0	   1.8e-3	          -6.34	         0.0	     71.0	        187	         225	        476	  0.37968	1.9e-5	        93
   4	MA0734.3	Gli2	NRGACCACCCASV	4.2e0	   1.8e-3	          -6.32	         0.0	     82.0	        188	         640	       1296	  0.43617	1.9e-5	        93
   3	UP00076_1	Rfxdc2_primary	NYVCHTAGCAACSRN	4.2e0	   1.8e-3	          -6.32	         0.0	     66.0	        186	         308	        715	  0.35484	2.0e-5	        92
   4	MA1173.1	MYB101	AAMHNTAACCGAAWH	4.5e0	   1.9e-3	          -6.26	         0.0	     72.0	        186	         546	       1226	  0.38710	2.1e-5	        92
   4	MA1997.1	Olig2	NVCAGCTGBN	5.0e0	   2.1e-3	          -6.15	         0.0	     83.0	        191	         386	        758	  0.43455	2.2e-5	        95
   4	MA0995.2	ERF039	YCRCCGACAHN	5.2e0	   2.2e-3	          -6.12	         0.0	    150.0	        190	         830	        987	  0.78947	2.3e-5	        94
   4	MA1179.1	MYB1	DTWACSGTTAAWDHHSTTD	5.3e0	   2.2e-3	          -6.11	         0.0	     66.0	        182	         160	        338	  0.36264	2.5e-5	        90
   4	MA1051.1	RAP2-3	GCGCCGCC	5.8e0	   2.5e-3	          -6.00	         0.0	     81.0	        193	         528	       1098	  0.41969	2.6e-5	        96
   4	MA1221.1	RAP2-6	TKGCGGCGGMGGHGG	6.4e0	   2.7e-3	          -5.90	         0.0	     38.0	        186	         172	        634	  0.20430	3.0e-5	        92
   4	MA1242.1	DREB2F	CCDCCACCGCC	6.7e0	   2.8e-3	          -5.86	         0.0	     98.0	        190	         409	        691	  0.51579	3.0e-5	        94
   4	MA0509.3	RFX1	SGTTGCCATGGCAACS	6.8e0	   2.9e-3	          -5.84	         0.0	    121.0	        185	          58	         66	  0.65405	3.2e-5	        92
   4	MA1181.1	MYB113	DAKTYMGTTAT	7.0e0	   3.0e-3	          -5.82	         0.0	    152.0	        190	         525	        608	  0.80000	3.2e-5	        94
   4	MA1245.2	ERF112	DCCGCCGCCRY	7.8e0	   3.3e-3	          -5.72	         0.0	     72.0	        190	         464	       1056	  0.37895	3.5e-5	        94
   3	UP00018_1	Irf4_primary	MRWAYCGAAACYRNA	9.0e0	   3.8e-3	          -5.57	         0.0	     66.0	        186	         345	        817	  0.35484	4.2e-5	        92
   4	MA0343.1	NDT80	HHTHCKGMCACAAAAACSVDA	9.5e0	   4.0e-3	          -5.51	         0.0	     58.0	        180	         417	       1102	  0.32222	4.5e-5	        89

# CentriMo (Local Motif Enrichment Analysis): Version 5.5.5 compiled on Dec  6 2023 at 19:32:36
# The format of this file is described at https://meme-suite.org/meme/doc/centrimo-output-format.html.
# centrimo -seqlen 200 -verbosity 1 -oc centrimo_out -bfile ./background -score 5.0 -ethresh 10.0 ./RUNX1_minusDox_ChIPseq_filtered_Distal.bed.fa meme_out/meme.xml streme_out/streme.xml db/motif_databases/MOUSE/uniprobe_mouse.meme db/motif_databases/JASPAR/JASPAR2022_CORE_non-redundant_v2.meme
