motif_id	motif_alt_id	sequence_name	start	stop	strand	score	p-value	q-value	matched_sequence
6-GCCGCAGCCTC	STREME-6	chr16	2875111	2875121	+	17.1341	9.58e-07	0.113	GCCGCAGCCTC
6-GCCGCAGCCTC	STREME-6	chr16	3106685	3106695	-	17.1341	9.58e-07	0.113	GCCGCAGCCTC
6-GCCGCAGCCTC	STREME-6	chr8	22715886	22715896	-	17.1341	9.58e-07	0.113	GCCGCAGCCTC
6-GCCGCAGCCTC	STREME-6	chr19	45456249	45456259	-	17.1341	9.58e-07	0.113	GCCGCAGCCTC
6-GCCGCAGCCTC	STREME-6	chr16	90082212	90082222	-	17.1341	9.58e-07	0.113	GCCGCAGCCTC
6-GCCGCAGCCTC	STREME-6	chr8	141308280	141308290	-	17.1341	9.58e-07	0.113	GCCGCAGCCTC
6-GCCGCAGCCTC	STREME-6	chr1	203327419	203327429	+	17.1341	9.58e-07	0.113	GCCGCAGCCTC
6-GCCGCAGCCTC	STREME-6	chr17	491384	491394	+	15.4268	2.52e-06	0.113	GCCGCAGCCGC
6-GCCGCAGCCTC	STREME-6	chr7	2104473	2104483	-	15.4268	2.52e-06	0.113	GCCGCAGCCGC
6-GCCGCAGCCTC	STREME-6	chr5	14011720	14011730	+	15.4268	2.52e-06	0.113	GCCGCAGCCGC
6-GCCGCAGCCTC	STREME-6	chr1	16914112	16914122	-	15.4268	2.52e-06	0.113	GCCGCAGCCGC
6-GCCGCAGCCTC	STREME-6	chr7	28956683	28956693	-	15.4268	2.52e-06	0.113	GCCGCAGCCGC
6-GCCGCAGCCTC	STREME-6	chr16	30902187	30902197	-	15.4268	2.52e-06	0.113	GCCGCAGCCGC
6-GCCGCAGCCTC	STREME-6	chr1	32712383	32712393	+	15.4268	2.52e-06	0.113	GCCGCAGCCGC
6-GCCGCAGCCTC	STREME-6	chr9	34701491	34701501	-	15.4268	2.52e-06	0.113	GCCGCAGCCGC
6-GCCGCAGCCTC	STREME-6	chr19	38870152	38870162	+	15.4268	2.52e-06	0.113	gccgcagccgc
6-GCCGCAGCCTC	STREME-6	chr9	40106766	40106776	-	15.4268	2.52e-06	0.113	GCCGCAGCCGC
6-GCCGCAGCCTC	STREME-6	chr19	47243228	47243238	+	15.4268	2.52e-06	0.113	GCCGCAGCCGC
6-GCCGCAGCCTC	STREME-6	chr12	49234623	49234633	+	15.4268	2.52e-06	0.113	gccgcagccgc
6-GCCGCAGCCTC	STREME-6	chr19	50330898	50330908	-	15.4268	2.52e-06	0.113	GCCGCAGCCGC
6-GCCGCAGCCTC	STREME-6	chr10	63630261	63630271	-	15.4268	2.52e-06	0.113	GCCGCAGCCGC
6-GCCGCAGCCTC	STREME-6	chr9	66269847	66269857	+	15.4268	2.52e-06	0.113	gccgcagccgc
6-GCCGCAGCCTC	STREME-6	chr7	72925130	72925140	-	15.4268	2.52e-06	0.113	GCCGCAGCCGC
6-GCCGCAGCCTC	STREME-6	chr7	75442699	75442709	+	15.4268	2.52e-06	0.113	GCCGCAGCCGC
6-GCCGCAGCCTC	STREME-6	chr17	78353041	78353051	-	15.4268	2.52e-06	0.113	GCCGCAGCCGC
6-GCCGCAGCCTC	STREME-6	chr10	86535626	86535636	+	15.4268	2.52e-06	0.113	GCCGCAGCCGC
6-GCCGCAGCCTC	STREME-6	chr7	92179021	92179031	-	15.4268	2.52e-06	0.113	GCCGCAGCCGC
6-GCCGCAGCCTC	STREME-6	chr9	107487732	107487742	-	15.4268	2.52e-06	0.113	GCCGCAGCCGC
6-GCCGCAGCCTC	STREME-6	chr13	109784823	109784833	+	15.4268	2.52e-06	0.113	gccgcagccgc
6-GCCGCAGCCTC	STREME-6	chr2	111122663	111122673	-	15.4268	2.52e-06	0.113	GCCGCAGCCGC
6-GCCGCAGCCTC	STREME-6	chr5	140145920	140145930	-	15.4268	2.52e-06	0.113	GCCGCAGCCGC
6-GCCGCAGCCTC	STREME-6	chr5	140145926	140145936	-	15.4268	2.52e-06	0.113	GCCGCAGCCGC
6-GCCGCAGCCTC	STREME-6	chr1	143884716	143884726	+	15.4268	2.52e-06	0.113	GCCGCAGCCGC
6-GCCGCAGCCTC	STREME-6	chr1	149792660	149792670	+	15.4268	2.52e-06	0.113	GCCGCAGCCGC
6-GCCGCAGCCTC	STREME-6	chr9	40106754	40106764	-	14.3415	4.07e-06	0.145	GCCGCAACCTC
6-GCCGCAGCCTC	STREME-6	chr9	66269859	66269869	+	14.3415	4.07e-06	0.145	gccgcaacctc
6-GCCGCAGCCTC	STREME-6	chr19	40420849	40420859	-	14.3293	4.65e-06	0.145	GCCGCAGACTC
6-GCCGCAGCCTC	STREME-6	chr14	74257632	74257642	+	14.3293	4.65e-06	0.145	GCCGCAGACTC
6-GCCGCAGCCTC	STREME-6	chr2	87341735	87341745	-	14.3293	4.65e-06	0.145	GCCGCAGACTC
6-GCCGCAGCCTC	STREME-6	chr2	90238074	90238084	-	14.3293	4.65e-06	0.145	GCCGCAGACTC
6-GCCGCAGCCTC	STREME-6	chr1	143334599	143334609	+	14.3293	4.65e-06	0.145	GCCGCAGACTC
6-GCCGCAGCCTC	STREME-6	chr1	144160172	144160182	+	14.3293	4.65e-06	0.145	GCCGCAGACTC
6-GCCGCAGCCTC	STREME-6	chrX	152958947	152958957	+	14.3293	4.65e-06	0.145	GCCGCAGACTC
6-GCCGCAGCCTC	STREME-6	chr5	1654033	1654043	+	14.061	6.2e-06	0.145	cccgcagcctc
6-GCCGCAGCCTC	STREME-6	chr16	2904425	2904435	+	14.061	6.2e-06	0.145	CCCGCAGCCTC
6-GCCGCAGCCTC	STREME-6	chr19	4374838	4374848	-	14.061	6.2e-06	0.145	CCCGCAGCCTC
6-GCCGCAGCCTC	STREME-6	chr19	33249351	33249361	-	14.061	6.2e-06	0.145	CCCGCAGCCTC
6-GCCGCAGCCTC	STREME-6	chr14	102517025	102517035	+	14.061	6.2e-06	0.145	CCCGCAGCCTC
6-GCCGCAGCCTC	STREME-6	chr3	195624852	195624862	-	14.061	6.2e-06	0.145	CCCGCAGCCTC
6-GCCGCAGCCTC	STREME-6	chr3	197665245	197665255	+	14.061	6.2e-06	0.145	cccgcagcctc
6-GCCGCAGCCTC	STREME-6	chr17	1463228	1463238	+	13.8659	6.78e-06	0.145	gcctcagcctc
6-GCCGCAGCCTC	STREME-6	chr2	8302221	8302231	+	13.8659	6.78e-06	0.145	gcctcagcctc
6-GCCGCAGCCTC	STREME-6	chr21	10490628	10490638	-	13.8659	6.78e-06	0.145	GCCTCAGCCTC
6-GCCGCAGCCTC	STREME-6	chr8	10711315	10711325	-	13.8659	6.78e-06	0.145	GCCTCAGCCTC
6-GCCGCAGCCTC	STREME-6	chr22	18730641	18730651	-	13.8659	6.78e-06	0.145	GCCTCAGCCTC
6-GCCGCAGCCTC	STREME-6	chr22	18892463	18892473	+	13.8659	6.78e-06	0.145	gcctcagcctc
6-GCCGCAGCCTC	STREME-6	chr14	21092593	21092603	-	13.8659	6.78e-06	0.145	GCCTCAGCCTC
6-GCCGCAGCCTC	STREME-6	chr14	21092599	21092609	-	13.8659	6.78e-06	0.145	GCCTCAGCCTC
6-GCCGCAGCCTC	STREME-6	chr14	21092605	21092615	-	13.8659	6.78e-06	0.145	GCCTCAGCCTC
6-GCCGCAGCCTC	STREME-6	chr1	30769105	30769115	-	13.8659	6.78e-06	0.145	GCCTCAGCCTC
6-GCCGCAGCCTC	STREME-6	chr7	37491981	37491991	+	13.8659	6.78e-06	0.145	gcctcagcctc
6-GCCGCAGCCTC	STREME-6	chr21	42957497	42957507	-	13.8659	6.78e-06	0.145	GCCTCAGCCTC
6-GCCGCAGCCTC	STREME-6	chr5	43008468	43008478	+	13.8659	6.78e-06	0.145	gcctcagcctc
6-GCCGCAGCCTC	STREME-6	chr16	67488843	67488853	-	13.8659	6.78e-06	0.145	GCCTCAGCCTC
6-GCCGCAGCCTC	STREME-6	chr11	68142064	68142074	-	13.8659	6.78e-06	0.145	GCCTCAGCCTC
6-GCCGCAGCCTC	STREME-6	chr7	76178308	76178318	-	13.8659	6.78e-06	0.145	GCCTCAGCCTC
6-GCCGCAGCCTC	STREME-6	chr10	78756873	78756883	+	13.8659	6.78e-06	0.145	GCCTCAGCCTC
6-GCCGCAGCCTC	STREME-6	chr12	104358396	104358406	+	13.8659	6.78e-06	0.145	gcctcagcctc
6-GCCGCAGCCTC	STREME-6	chr12	121649820	121649830	+	13.8659	6.78e-06	0.145	gcctcagcctc
6-GCCGCAGCCTC	STREME-6	chr12	124681379	124681389	+	13.8659	6.78e-06	0.145	gcctcagcctc
6-GCCGCAGCCTC	STREME-6	chr1	156644042	156644052	-	13.8659	6.78e-06	0.145	GCCTCAGCCTC
6-GCCGCAGCCTC	STREME-6	chr1	904712	904722	+	13.7683	8.94e-06	0.149	GCCGCCGCCTC
6-GCCGCAGCCTC	STREME-6	chr1	904797	904807	+	13.7683	8.94e-06	0.149	GCCGCCGCCTC
6-GCCGCAGCCTC	STREME-6	chr1	2546396	2546406	+	13.7683	8.94e-06	0.149	gccgccgcctc
6-GCCGCAGCCTC	STREME-6	chr19	11482819	11482829	-	13.7683	8.94e-06	0.149	GCCGCCGCCTC
6-GCCGCAGCCTC	STREME-6	chr19	17391315	17391325	+	13.7683	8.94e-06	0.149	GCCGCCGCCTC
6-GCCGCAGCCTC	STREME-6	chr20	35601686	35601696	+	13.7683	8.94e-06	0.149	GCCGCCGCCTC
6-GCCGCAGCCTC	STREME-6	chr21	36130436	36130446	+	13.7683	8.94e-06	0.149	GCCGCCGCCTC
6-GCCGCAGCCTC	STREME-6	chr9	36487516	36487526	-	13.7683	8.94e-06	0.149	GCCGCCGCCTC
6-GCCGCAGCCTC	STREME-6	chr9	41643894	41643904	-	13.7683	8.94e-06	0.149	GCCGCCGCCTC
6-GCCGCAGCCTC	STREME-6	chr1	54488435	54488445	+	13.7683	8.94e-06	0.149	GCCGCCGCCTC
6-GCCGCAGCCTC	STREME-6	chr15	78761779	78761789	-	13.7683	8.94e-06	0.149	GCCGCCGCCTC
6-GCCGCAGCCTC	STREME-6	chr18	79393880	79393890	+	13.7683	8.94e-06	0.149	GCCGCCGCCTC
6-GCCGCAGCCTC	STREME-6	chr1	108273070	108273080	-	13.7683	8.94e-06	0.149	GCCGCCGCCTC
6-GCCGCAGCCTC	STREME-6	chr1	112718916	112718926	-	13.7683	8.94e-06	0.149	GCCGCCGCCTC
6-GCCGCAGCCTC	STREME-6	chr2	127024885	127024895	-	13.7683	8.94e-06	0.149	GCCGCCGCCTC
6-GCCGCAGCCTC	STREME-6	chr10	129971855	129971865	+	13.7683	8.94e-06	0.149	GCCGCCGCCTC
6-GCCGCAGCCTC	STREME-6	chr12	132149649	132149659	+	13.7683	8.94e-06	0.149	GCCGCCGCCTC
6-GCCGCAGCCTC	STREME-6	chr12	132149781	132149791	+	13.7683	8.94e-06	0.149	GCCGCCGCCTC
6-GCCGCAGCCTC	STREME-6	chr12	132149825	132149835	+	13.7683	8.94e-06	0.149	GCCGCCGCCTC
6-GCCGCAGCCTC	STREME-6	chr8	143928620	143928630	-	13.7683	8.94e-06	0.149	GCCGCCGCCTC
6-GCCGCAGCCTC	STREME-6	chr10	132517495	132517505	-	13.7317	1.01e-05	0.157	GCCGCAGCCTA
6-GCCGCAGCCTC	STREME-6	chr19	11482732	11482742	-	13.5488	1.32e-05	0.157	GCCGCAGCCAC
6-GCCGCAGCCTC	STREME-6	chr17	14297555	14297565	-	13.5488	1.32e-05	0.157	GCCGCAGCGGC
6-GCCGCAGCCTC	STREME-6	chr19	14556843	14556853	+	13.5488	1.32e-05	0.157	GTCGCAGCCTC
6-GCCGCAGCCTC	STREME-6	chr9	41269218	41269228	+	13.5488	1.32e-05	0.157	GCCGCAGCCAC
6-GCCGCAGCCTC	STREME-6	chr19	50325786	50325796	+	13.5488	1.32e-05	0.157	GCCGCAGCGGC
6-GCCGCAGCCTC	STREME-6	chr11	69166482	69166492	+	13.5488	1.32e-05	0.157	GCCGCAGCCAC
6-GCCGCAGCCTC	STREME-6	chr9	97221899	97221909	+	13.5488	1.32e-05	0.157	GCCGCAGCCAC
6-GCCGCAGCCTC	STREME-6	chr14	105086937	105086947	-	13.5488	1.32e-05	0.157	GCCGCAGCCAC
6-GCCGCAGCCTC	STREME-6	chr4	122152390	122152400	-	13.5488	1.32e-05	0.157	GCCGCAGCCAC
6-GCCGCAGCCTC	STREME-6	chr9	134456196	134456206	+	13.5488	1.32e-05	0.157	GCCGCAGCGGC
6-GCCGCAGCCTC	STREME-6	chr9	136400254	136400264	-	13.5488	1.32e-05	0.157	GCCGCAGCGGC
6-GCCGCAGCCTC	STREME-6	chr9	137461987	137461997	-	13.5488	1.32e-05	0.157	GCCGCAGCGGC
6-GCCGCAGCCTC	STREME-6	chrX	154341968	154341978	+	13.5488	1.32e-05	0.157	GCCGCAGCGGC
6-GCCGCAGCCTC	STREME-6	chrX	154390134	154390144	-	13.5488	1.32e-05	0.157	GCCGCAGCGGC
6-GCCGCAGCCTC	STREME-6	chr6	157021668	157021678	+	13.5488	1.32e-05	0.157	GCCGCAGCCAC
6-GCCGCAGCCTC	STREME-6	chr5	172765355	172765365	+	13.5488	1.32e-05	0.157	GCCGCAGCGGC
6-GCCGCAGCCTC	STREME-6	chr1	240493237	240493247	+	13.5488	1.32e-05	0.157	GCCGCAGCGGC
6-GCCGCAGCCTC	STREME-6	chr11	1772780	1772790	-	13.4756	1.48e-05	0.157	GCCGCAGCCCC
6-GCCGCAGCCTC	STREME-6	chr1	6127898	6127908	-	13.4756	1.48e-05	0.157	GCCGCAGCCCC
6-GCCGCAGCCTC	STREME-6	chr19	17778825	17778835	+	13.4756	1.48e-05	0.157	GCCGCAGCCCC
6-GCCGCAGCCTC	STREME-6	chr19	18866783	18866793	-	13.4756	1.48e-05	0.157	GCCGCAGCCCC
6-GCCGCAGCCTC	STREME-6	chr17	44354807	44354817	+	13.4756	1.48e-05	0.157	GCCGCAGCCCC
6-GCCGCAGCCTC	STREME-6	chr11	66408611	66408621	+	13.4756	1.48e-05	0.157	GCCGCAGCCCC
6-GCCGCAGCCTC	STREME-6	chr7	72925197	72925207	-	13.4756	1.48e-05	0.157	GCCGCAGCCCC
6-GCCGCAGCCTC	STREME-6	chr7	75442632	75442642	+	13.4756	1.48e-05	0.157	GCCGCAGCCCC
6-GCCGCAGCCTC	STREME-6	chr1	109162530	109162540	+	13.4756	1.48e-05	0.157	GCCGCAGCCCC
6-GCCGCAGCCTC	STREME-6	chr1	116152287	116152297	+	13.4756	1.48e-05	0.157	GCCGCAGCCCC
6-GCCGCAGCCTC	STREME-6	chr5	139670149	139670159	-	13.4756	1.48e-05	0.157	GCCGCAGCCCC
6-GCCGCAGCCTC	STREME-6	chr8	144019920	144019930	-	13.4756	1.48e-05	0.157	GCCGCAGCCCC
6-GCCGCAGCCTC	STREME-6	chr7	149422308	149422318	-	13.4756	1.48e-05	0.157	GCCGCAGCCCC
6-GCCGCAGCCTC	STREME-6	chr7	151303589	151303599	-	13.4756	1.48e-05	0.157	GCCGCAGCCCC
6-GCCGCAGCCTC	STREME-6	chr3	195260041	195260051	+	13.4756	1.48e-05	0.157	GCCGCAGCCCC
6-GCCGCAGCCTC	STREME-6	chr1	227542580	227542590	+	13.4756	1.48e-05	0.157	GCCGCAGCCCC
6-GCCGCAGCCTC	STREME-6	chr19	1082421	1082431	-	13.4512	1.57e-05	0.157	GCCCCAGCCTC
6-GCCGCAGCCTC	STREME-6	chr12	2752757	2752767	-	13.4512	1.57e-05	0.157	GCCCCAGCCTC
6-GCCGCAGCCTC	STREME-6	chr3	12187588	12187598	+	13.4512	1.57e-05	0.157	GCCCCAGCCTC
6-GCCGCAGCCTC	STREME-6	chr1	16914005	16914015	+	13.4512	1.57e-05	0.157	gccccagcctc
6-GCCGCAGCCTC	STREME-6	chr22	37934047	37934057	-	13.4512	1.57e-05	0.157	GCCCCAGCCTC
6-GCCGCAGCCTC	STREME-6	chr6	39336341	39336351	+	13.4512	1.57e-05	0.157	GCCCCAGCCTC
6-GCCGCAGCCTC	STREME-6	chr22	42314115	42314125	-	13.4512	1.57e-05	0.157	GCCCCAGCCTC
6-GCCGCAGCCTC	STREME-6	chr20	50071368	50071378	+	13.4512	1.57e-05	0.157	GCCCCAGCCTC
6-GCCGCAGCCTC	STREME-6	chr15	67863611	67863621	+	13.4512	1.57e-05	0.157	GCCCCAGCCTC
6-GCCGCAGCCTC	STREME-6	chr18	76802268	76802278	-	13.4512	1.57e-05	0.157	GCCCCAGCCTC
6-GCCGCAGCCTC	STREME-6	chr10	79266822	79266832	+	13.4512	1.57e-05	0.157	GCCCCAGCCTC
6-GCCGCAGCCTC	STREME-6	chr5	88141464	88141474	-	13.4512	1.57e-05	0.157	GCCCCAGCCTC
6-GCCGCAGCCTC	STREME-6	chr13	114065373	114065383	+	13.4512	1.57e-05	0.157	GCCCCAGCCTC
6-GCCGCAGCCTC	STREME-6	chr1	150562148	150562158	-	13.4512	1.57e-05	0.157	GCCCCAGCCTC
6-GCCGCAGCCTC	STREME-6	chr10	8332485	8332495	-	13.1829	1.63e-05	0.157	GCCGCAGCTTC
6-GCCGCAGCCTC	STREME-6	chr17	82497112	82497122	-	13.1829	1.63e-05	0.157	GCCGCAGCTTC
6-GCCGCAGCCTC	STREME-6	chr7	85186849	85186859	-	13.1829	1.63e-05	0.157	GCCGCAGCTTC
6-GCCGCAGCCTC	STREME-6	chr3	187741072	187741082	+	13.1829	1.63e-05	0.157	GCCGCAGCTTC
6-GCCGCAGCCTC	STREME-6	chr17	4909212	4909222	+	12.9878	1.79e-05	0.157	GCCGCGGCCTC
6-GCCGCAGCCTC	STREME-6	chr22	23521921	23521931	-	12.9878	1.79e-05	0.157	GCCGCGGCCTC
6-GCCGCAGCCTC	STREME-6	chr3	45037730	45037740	+	12.9878	1.79e-05	0.157	gccgcggcctc
6-GCCGCAGCCTC	STREME-6	chr2	64865708	64865718	+	12.9878	1.79e-05	0.157	gccgcggcctc
6-GCCGCAGCCTC	STREME-6	chr14	75277123	75277133	-	12.9878	1.79e-05	0.157	GCCGCGGCCTC
6-GCCGCAGCCTC	STREME-6	chr1	147599841	147599851	-	12.9878	1.79e-05	0.157	GCCGCGGCCTC
6-GCCGCAGCCTC	STREME-6	chr1	158113492	158113502	+	12.9878	1.79e-05	0.157	GCCGCGGCCTC
6-GCCGCAGCCTC	STREME-6	chr1	227542631	227542641	-	12.9878	1.79e-05	0.157	GCCGCGGCCTC
6-GCCGCAGCCTC	STREME-6	chr2	235670660	235670670	-	12.9878	1.79e-05	0.157	GCCGCGGCCTC
6-GCCGCAGCCTC	STREME-6	chr15	30173465	30173475	+	12.8293	1.85e-05	0.157	ACCGCAGCCTC
6-GCCGCAGCCTC	STREME-6	chr15	32365194	32365204	-	12.8293	1.85e-05	0.157	ACCGCAGCCTC
6-GCCGCAGCCTC	STREME-6	chr9	34701546	34701556	-	12.8293	1.85e-05	0.157	ACCGCAGCCTC
6-GCCGCAGCCTC	STREME-6	chr19	45817362	45817372	+	12.8293	1.85e-05	0.157	ACCGCAGCCTC
6-GCCGCAGCCTC	STREME-6	chr15	74374404	74374414	-	12.8293	1.85e-05	0.157	ACCGCAGCCTC
6-GCCGCAGCCTC	STREME-6	chr9	124869046	124869056	-	12.8293	1.85e-05	0.157	ACCGCAGCCTC
6-GCCGCAGCCTC	STREME-6	chr4	139735931	139735941	-	12.8293	1.85e-05	0.157	ACCGCAGCCTC
6-GCCGCAGCCTC	STREME-6	chr2	240251238	240251248	+	12.8293	1.85e-05	0.157	ACCGCAGCCTC
6-GCCGCAGCCTC	STREME-6	chr19	7198191	7198201	-	12.6341	2e-05	0.157	GCCGCAACCGC
6-GCCGCAGCCTC	STREME-6	chr1	112718971	112718981	-	12.6341	2e-05	0.157	GCCGCAACCGC
6-GCCGCAGCCTC	STREME-6	chr3	47009542	47009552	-	12.622	2.1e-05	0.157	GCCGCAGACGC
6-GCCGCAGCCTC	STREME-6	chr1	120558577	120558587	-	12.622	2.1e-05	0.157	GCCGCAGACGC
6-GCCGCAGCCTC	STREME-6	chr10	128212094	128212104	-	12.622	2.1e-05	0.157	GCCGCAGACGC
6-GCCGCAGCCTC	STREME-6	chr15	69394748	69394758	-	12.561	2.16e-05	0.157	GCCGCAGCATC
6-GCCGCAGCCTC	STREME-6	chr5	170633972	170633982	-	12.561	2.16e-05	0.157	GCCGCAGCATC
6-GCCGCAGCCTC	STREME-6	chr17	7296534	7296544	+	12.4634	2.31e-05	0.157	GCCGCAGTCGC
6-GCCGCAGCCTC	STREME-6	chr1	54499634	54499644	-	12.4634	2.31e-05	0.157	GCCGCAGTCGC
6-GCCGCAGCCTC	STREME-6	chr19	18305073	18305083	-	12.4512	2.37e-05	0.157	GCCGCAGAGTC
6-GCCGCAGCCTC	STREME-6	chr11	61747891	61747901	+	12.4512	2.37e-05	0.157	GCCGCAGAGTC
6-GCCGCAGCCTC	STREME-6	chrX	154341892	154341902	-	12.4512	2.37e-05	0.157	GCCGCAGAGTC
6-GCCGCAGCCTC	STREME-6	chrX	154390210	154390220	+	12.4512	2.37e-05	0.157	GCCGCAGAGTC
6-GCCGCAGCCTC	STREME-6	chr19	43625059	43625069	+	12.3902	2.56e-05	0.157	GCCGCAGCCTG
6-GCCGCAGCCTC	STREME-6	chr19	45681771	45681781	+	12.3902	2.56e-05	0.157	GCCGCAGCCTG
6-GCCGCAGCCTC	STREME-6	chr18	48161864	48161874	+	12.3902	2.56e-05	0.157	GCCGCAGCCTG
6-GCCGCAGCCTC	STREME-6	chr13	74575924	74575934	-	12.3902	2.56e-05	0.157	GCCGCACCCTC
6-GCCGCAGCCTC	STREME-6	chr16	85420830	85420840	+	12.3902	2.56e-05	0.157	GCCGCAGCCTG
6-GCCGCAGCCTC	STREME-6	chr15	89665783	89665793	-	12.3902	2.56e-05	0.157	GCCGCAGCCTG
6-GCCGCAGCCTC	STREME-6	chr6	100229125	100229135	+	12.3902	2.56e-05	0.157	GCCGCAGCCTG
6-GCCGCAGCCTC	STREME-6	chr3	128416043	128416053	-	12.3902	2.56e-05	0.157	GCCGCAGCCTG
6-GCCGCAGCCTC	STREME-6	chr5	373910	373920	-	12.3537	2.72e-05	0.157	CCCGCAGCCGC
6-GCCGCAGCCTC	STREME-6	chr8	11902378	11902388	-	12.3537	2.72e-05	0.157	CCCGCAGCCGC
6-GCCGCAGCCTC	STREME-6	chr22	24952784	24952794	-	12.3537	2.72e-05	0.157	CCCGCAGCCGC
6-GCCGCAGCCTC	STREME-6	chr3	36764232	36764242	-	12.3537	2.72e-05	0.157	CCCGCAGCCGC
6-GCCGCAGCCTC	STREME-6	chr9	40106724	40106734	-	12.3537	2.72e-05	0.157	CCCGCAGCCGC
6-GCCGCAGCCTC	STREME-6	chr15	62390588	62390598	-	12.3537	2.72e-05	0.157	CCCGCAGCCGC
6-GCCGCAGCCTC	STREME-6	chr9	66269889	66269899	+	12.3537	2.72e-05	0.157	cccgcagccgc
6-GCCGCAGCCTC	STREME-6	chrX	72018775	72018785	-	12.3537	2.72e-05	0.157	CCCGCAGCCGC
6-GCCGCAGCCTC	STREME-6	chr1	87335539	87335549	+	12.3537	2.72e-05	0.157	CCCGCAGCCGC
6-GCCGCAGCCTC	STREME-6	chr16	89926248	89926258	-	12.3537	2.72e-05	0.157	CCCGCAGCCGC
6-GCCGCAGCCTC	STREME-6	chr5	91280674	91280684	+	12.3537	2.72e-05	0.157	CCCGCAGCCGC
6-GCCGCAGCCTC	STREME-6	chr8	42692751	42692761	-	12.2073	2.87e-05	0.157	GCCGCAGGCTC
6-GCCGCAGCCTC	STREME-6	chr22	50149292	50149302	-	12.2073	2.87e-05	0.157	GCCGCAGGCTC
6-GCCGCAGCCTC	STREME-6	chr13	114065315	114065325	+	12.2073	2.87e-05	0.157	GCCGCAGGCTC
6-GCCGCAGCCTC	STREME-6	chr19	680553	680563	-	12.1951	2.93e-05	0.157	GCAGCAGCCTC
6-GCCGCAGCCTC	STREME-6	chr16	14742447	14742457	-	12.1951	2.93e-05	0.157	GCAGCAGCCTC
6-GCCGCAGCCTC	STREME-6	chr14	35340103	35340113	+	12.1951	2.93e-05	0.157	GCAGCAGCCTC
6-GCCGCAGCCTC	STREME-6	chr9	41269289	41269299	-	12.1951	2.93e-05	0.157	GCAGCAGCCTC
6-GCCGCAGCCTC	STREME-6	chr6	41936528	41936538	-	12.1951	2.93e-05	0.157	GCAGCAGCCTC
6-GCCGCAGCCTC	STREME-6	chr1	54488292	54488302	+	12.1951	2.93e-05	0.157	GCAGCAGCCTC
6-GCCGCAGCCTC	STREME-6	chr10	78756843	78756853	+	12.1951	2.93e-05	0.157	GCAGCAGCCTC
6-GCCGCAGCCTC	STREME-6	chr10	78756917	78756927	+	12.1951	2.93e-05	0.157	GCAGCAGCCTC
6-GCCGCAGCCTC	STREME-6	chr9	97876893	97876903	+	12.1951	2.93e-05	0.157	GCAGCAGCCTC
6-GCCGCAGCCTC	STREME-6	chr6	158560156	158560166	-	12.1951	2.93e-05	0.157	GCAGCAGCCTC
6-GCCGCAGCCTC	STREME-6	chr12	6335849	6335859	+	12.1585	3.12e-05	0.157	GCCTCAGCCGC
6-GCCGCAGCCTC	STREME-6	chr19	18117826	18117836	+	12.1585	3.12e-05	0.157	GCCTCAGCCGC
6-GCCGCAGCCTC	STREME-6	chr17	46266760	46266770	+	12.1585	3.12e-05	0.157	GCCTCAGCCGC
6-GCCGCAGCCTC	STREME-6	chr14	53217664	53217674	-	12.1585	3.12e-05	0.157	GCCTCAGCCGC
6-GCCGCAGCCTC	STREME-6	chr11	61834870	61834880	-	12.1585	3.12e-05	0.157	GCCTCAGCCGC
6-GCCGCAGCCTC	STREME-6	chr15	62390579	62390589	-	12.1585	3.12e-05	0.157	GCCTCAGCCGC
6-GCCGCAGCCTC	STREME-6	chr3	115658563	115658573	+	12.1585	3.12e-05	0.157	GCCTCAGCCGC
6-GCCGCAGCCTC	STREME-6	chr7	118858849	118858859	-	12.1585	3.12e-05	0.157	GCCTCAGCCGC
6-GCCGCAGCCTC	STREME-6	chr1	1040847	1040857	+	12.1463	3.22e-05	0.157	GCCGCATCCGC
6-GCCGCAGCCTC	STREME-6	chr10	72319741	72319751	-	12.1463	3.22e-05	0.157	GCCGCATCCGC
6-GCCGCAGCCTC	STREME-6	chr1	2546393	2546403	+	12.061	3.47e-05	0.157	gccgccgccgc
6-GCCGCAGCCTC	STREME-6	chr12	4269337	4269347	+	12.061	3.47e-05	0.157	gccgccgccgc
6-GCCGCAGCCTC	STREME-6	chr1	6448978	6448988	+	12.061	3.47e-05	0.157	gccgccgccgc
6-GCCGCAGCCTC	STREME-6	chr12	7440324	7440334	+	12.061	3.47e-05	0.157	gccgccgccgc
6-GCCGCAGCCTC	STREME-6	chr2	8679000	8679010	+	12.061	3.47e-05	0.157	gccgccgccgc
6-GCCGCAGCCTC	STREME-6	chr2	8679003	8679013	+	12.061	3.47e-05	0.157	gccgccgccgc
6-GCCGCAGCCTC	STREME-6	chr1	8703501	8703511	+	12.061	3.47e-05	0.157	GCCGCCGCCGC
6-GCCGCAGCCTC	STREME-6	chr6	21596822	21596832	-	12.061	3.47e-05	0.157	GCCGCCGCCGC
6-GCCGCAGCCTC	STREME-6	chr20	25861781	25861791	-	12.061	3.47e-05	0.157	GCCGCCGCCGC
6-GCCGCAGCCTC	STREME-6	chr20	25863438	25863448	-	12.061	3.47e-05	0.157	GCCGCCGCCGC
6-GCCGCAGCCTC	STREME-6	chr22	31290788	31290798	-	12.061	3.47e-05	0.157	GCCGCCGCCGC
6-GCCGCAGCCTC	STREME-6	chr1	32500491	32500501	-	12.061	3.47e-05	0.157	GCCGCCGCCGC
6-GCCGCAGCCTC	STREME-6	chr1	32500494	32500504	-	12.061	3.47e-05	0.157	GCCGCCGCCGC
6-GCCGCAGCCTC	STREME-6	chr1	32500497	32500507	-	12.061	3.47e-05	0.157	GCCGCCGCCGC
6-GCCGCAGCCTC	STREME-6	chr21	36130427	36130437	+	12.061	3.47e-05	0.157	GCCGCCGCCGC
6-GCCGCAGCCTC	STREME-6	chr21	36130430	36130440	+	12.061	3.47e-05	0.157	GCCGCCGCCGC
6-GCCGCAGCCTC	STREME-6	chr21	36130433	36130443	+	12.061	3.47e-05	0.157	GCCGCCGCCGC
6-GCCGCAGCCTC	STREME-6	chr9	36487498	36487508	-	12.061	3.47e-05	0.157	GCCGCCGCCGC
6-GCCGCAGCCTC	STREME-6	chr9	36487501	36487511	-	12.061	3.47e-05	0.157	GCCGCCGCCGC
6-GCCGCAGCCTC	STREME-6	chr9	36487519	36487529	-	12.061	3.47e-05	0.157	GCCGCCGCCGC
6-GCCGCAGCCTC	STREME-6	chr3	36764226	36764236	-	12.061	3.47e-05	0.157	GCCGCCGCCGC
6-GCCGCAGCCTC	STREME-6	chr20	36835854	36835864	+	12.061	3.47e-05	0.157	gccgccgccgc
6-GCCGCAGCCTC	STREME-6	chr20	36835857	36835867	+	12.061	3.47e-05	0.157	gccgccgccgc
6-GCCGCAGCCTC	STREME-6	chr4	37977357	37977367	+	12.061	3.47e-05	0.157	gccgccgccgc
6-GCCGCAGCCTC	STREME-6	chr4	37977360	37977370	+	12.061	3.47e-05	0.157	gccgccgccgc
6-GCCGCAGCCTC	STREME-6	chr4	37977363	37977373	+	12.061	3.47e-05	0.157	gccgccgccgc
6-GCCGCAGCCTC	STREME-6	chr4	37977366	37977376	+	12.061	3.47e-05	0.157	gccgccgccgc
6-GCCGCAGCCTC	STREME-6	chr9	40106760	40106770	-	12.061	3.47e-05	0.157	GCCGCCGCCGC
6-GCCGCAGCCTC	STREME-6	chrX	40109022	40109032	-	12.061	3.47e-05	0.157	GCCGCCGCCGC
6-GCCGCAGCCTC	STREME-6	chrX	40109025	40109035	-	12.061	3.47e-05	0.157	GCCGCCGCCGC
6-GCCGCAGCCTC	STREME-6	chrX	40109028	40109038	-	12.061	3.47e-05	0.157	GCCGCCGCCGC
6-GCCGCAGCCTC	STREME-6	chr6	42782027	42782037	+	12.061	3.47e-05	0.157	gccgccgccgc
6-GCCGCAGCCTC	STREME-6	chr6	42782030	42782040	+	12.061	3.47e-05	0.157	gccgccgccgc
6-GCCGCAGCCTC	STREME-6	chr6	42782033	42782043	+	12.061	3.47e-05	0.157	gccgccgccgc
6-GCCGCAGCCTC	STREME-6	chr6	42782036	42782046	+	12.061	3.47e-05	0.157	gccgccgccgc
6-GCCGCAGCCTC	STREME-6	chr17	44354775	44354785	-	12.061	3.47e-05	0.157	GCCGCCGCCGC
6-GCCGCAGCCTC	STREME-6	chr17	45584735	45584745	-	12.061	3.47e-05	0.157	GCCGCCGCCGC
6-GCCGCAGCCTC	STREME-6	chr10	46635505	46635515	-	12.061	3.47e-05	0.157	GCCGCCGCCGC
6-GCCGCAGCCTC	STREME-6	chr10	46635508	46635518	-	12.061	3.47e-05	0.157	GCCGCCGCCGC
6-GCCGCAGCCTC	STREME-6	chr11	46826827	46826837	-	12.061	3.47e-05	0.157	GCCGCCGCCGC
6-GCCGCAGCCTC	STREME-6	chr11	46826830	46826840	-	12.061	3.47e-05	0.157	GCCGCCGCCGC
6-GCCGCAGCCTC	STREME-6	chr11	46826833	46826843	-	12.061	3.47e-05	0.157	GCCGCCGCCGC
6-GCCGCAGCCTC	STREME-6	chr22	49936346	49936356	+	12.061	3.47e-05	0.157	gccgccgccgc
6-GCCGCAGCCTC	STREME-6	chr17	60120505	60120515	-	12.061	3.47e-05	0.157	GCCGCCGCCGC
6-GCCGCAGCCTC	STREME-6	chr15	62390567	62390577	-	12.061	3.47e-05	0.157	GCCGCCGCCGC
6-GCCGCAGCCTC	STREME-6	chr9	63781924	63781934	-	12.061	3.47e-05	0.157	GCCGCCGCCGC
6-GCCGCAGCCTC	STREME-6	chr20	64327709	64327719	-	12.061	3.47e-05	0.157	GCCGCCGCCGC
6-GCCGCAGCCTC	STREME-6	chr15	64460591	64460601	-	12.061	3.47e-05	0.157	GCCGCCGCCGC
6-GCCGCAGCCTC	STREME-6	chr15	64460594	64460604	-	12.061	3.47e-05	0.157	GCCGCCGCCGC
6-GCCGCAGCCTC	STREME-6	chr1	65254467	65254477	-	12.061	3.47e-05	0.157	GCCGCCGCCGC
6-GCCGCAGCCTC	STREME-6	chr1	65254470	65254480	-	12.061	3.47e-05	0.157	GCCGCCGCCGC
6-GCCGCAGCCTC	STREME-6	chr12	66235422	66235432	-	12.061	3.47e-05	0.157	GCCGCCGCCGC
6-GCCGCAGCCTC	STREME-6	chr9	66269853	66269863	+	12.061	3.47e-05	0.157	gccgccgccgc
6-GCCGCAGCCTC	STREME-6	chr17	68020082	68020092	-	12.061	3.47e-05	0.157	GCCGCCGCCGC
6-GCCGCAGCCTC	STREME-6	chr16	72787694	72787704	+	12.061	3.47e-05	0.157	gccgccgccgc
6-GCCGCAGCCTC	STREME-6	chr16	72787697	72787707	+	12.061	3.47e-05	0.157	gccgccgccgc
6-GCCGCAGCCTC	STREME-6	chr16	72787700	72787710	+	12.061	3.47e-05	0.157	gccgccgccgc
6-GCCGCAGCCTC	STREME-6	chr16	72787703	72787713	+	12.061	3.47e-05	0.157	gccgccgccgc
6-GCCGCAGCCTC	STREME-6	chr16	72787706	72787716	+	12.061	3.47e-05	0.157	gccgccgccgc
6-GCCGCAGCCTC	STREME-6	chr16	72787721	72787731	+	12.061	3.47e-05	0.157	gccgccgccgc
6-GCCGCAGCCTC	STREME-6	chr16	72787724	72787734	+	12.061	3.47e-05	0.157	gccgccgccgc
6-GCCGCAGCCTC	STREME-6	chr16	72787745	72787755	+	12.061	3.47e-05	0.157	gccgccgccgc
6-GCCGCAGCCTC	STREME-6	chr7	72925156	72925166	-	12.061	3.47e-05	0.157	GCCGCCGCCGC
6-GCCGCAGCCTC	STREME-6	chr5	73216154	73216164	-	12.061	3.47e-05	0.157	GCCGCCGCCGC
6-GCCGCAGCCTC	STREME-6	chr5	73216157	73216167	-	12.061	3.47e-05	0.157	GCCGCCGCCGC
6-GCCGCAGCCTC	STREME-6	chr7	75442673	75442683	+	12.061	3.47e-05	0.157	GCCGCCGCCGC
6-GCCGCAGCCTC	STREME-6	chr4	80202327	80202337	-	12.061	3.47e-05	0.157	GCCGCCGCCGC
6-GCCGCAGCCTC	STREME-6	chr4	80202330	80202340	-	12.061	3.47e-05	0.157	GCCGCCGCCGC
6-GCCGCAGCCTC	STREME-6	chr4	80202333	80202343	-	12.061	3.47e-05	0.157	GCCGCCGCCGC
6-GCCGCAGCCTC	STREME-6	chr4	80203152	80203162	-	12.061	3.47e-05	0.157	GCCGCCGCCGC
6-GCCGCAGCCTC	STREME-6	chr4	80203155	80203165	-	12.061	3.47e-05	0.157	GCCGCCGCCGC
6-GCCGCAGCCTC	STREME-6	chr16	85553293	85553303	+	12.061	3.47e-05	0.157	gccgccgccgc
6-GCCGCAGCCTC	STREME-6	chr16	85553296	85553306	+	12.061	3.47e-05	0.157	gccgccgccgc
6-GCCGCAGCCTC	STREME-6	chr16	85553299	85553309	+	12.061	3.47e-05	0.157	gccgccgccgc
6-GCCGCAGCCTC	STREME-6	chr6	87152052	87152062	-	12.061	3.47e-05	0.157	GCCGCCGCCGC
6-GCCGCAGCCTC	STREME-6	chr6	87152055	87152065	-	12.061	3.47e-05	0.157	GCCGCCGCCGC
6-GCCGCAGCCTC	STREME-6	chr6	87152058	87152068	-	12.061	3.47e-05	0.157	GCCGCCGCCGC
6-GCCGCAGCCTC	STREME-6	chr14	90828202	90828212	-	12.061	3.47e-05	0.157	GCCGCCGCCGC
6-GCCGCAGCCTC	STREME-6	chr15	94845085	94845095	+	12.061	3.47e-05	0.157	gccgccgccgc
6-GCCGCAGCCTC	STREME-6	chr14	100285400	100285410	+	12.061	3.47e-05	0.157	GCCGCCGCCGC
6-GCCGCAGCCTC	STREME-6	chr1	112718977	112718987	-	12.061	3.47e-05	0.157	GCCGCCGCCGC
6-GCCGCAGCCTC	STREME-6	chr12	121467259	121467269	+	12.061	3.47e-05	0.157	GCCGCCGCCGC
6-GCCGCAGCCTC	STREME-6	chr12	121467262	121467272	+	12.061	3.47e-05	0.157	GCCGCCGCCGC
6-GCCGCAGCCTC	STREME-6	chr12	121537916	121537926	-	12.061	3.47e-05	0.157	GCCGCCGCCGC
6-GCCGCAGCCTC	STREME-6	chr12	121537919	121537929	-	12.061	3.47e-05	0.157	GCCGCCGCCGC
6-GCCGCAGCCTC	STREME-6	chr12	121537922	121537932	-	12.061	3.47e-05	0.157	GCCGCCGCCGC
6-GCCGCAGCCTC	STREME-6	chr12	123150946	123150956	-	12.061	3.47e-05	0.157	GCCGCCGCCGC
6-GCCGCAGCCTC	STREME-6	chrX	123765233	123765243	+	12.061	3.47e-05	0.157	gccgccgccgc
6-GCCGCAGCCTC	STREME-6	chrX	123765236	123765246	+	12.061	3.47e-05	0.157	gccgccgccgc
6-GCCGCAGCCTC	STREME-6	chrX	123765239	123765249	+	12.061	3.47e-05	0.157	gccgccgccgc
6-GCCGCAGCCTC	STREME-6	chrX	123765242	123765252	+	12.061	3.47e-05	0.157	gccgccgccgc
6-GCCGCAGCCTC	STREME-6	chrX	123765245	123765255	+	12.061	3.47e-05	0.157	gccgccgccgc
6-GCCGCAGCCTC	STREME-6	chrX	123765248	123765258	+	12.061	3.47e-05	0.157	gccgccgccgc
6-GCCGCAGCCTC	STREME-6	chrX	123765251	123765261	+	12.061	3.47e-05	0.157	gccgccgccgc
6-GCCGCAGCCTC	STREME-6	chrX	123765254	123765264	+	12.061	3.47e-05	0.157	gccgccgccgc
6-GCCGCAGCCTC	STREME-6	chr3	124033204	124033214	-	12.061	3.47e-05	0.157	GCCGCCGCCGC
6-GCCGCAGCCTC	STREME-6	chr3	124033207	124033217	-	12.061	3.47e-05	0.157	GCCGCCGCCGC
6-GCCGCAGCCTC	STREME-6	chr3	124033210	124033220	-	12.061	3.47e-05	0.157	GCCGCCGCCGC
6-GCCGCAGCCTC	STREME-6	chr9	124869140	124869150	-	12.061	3.47e-05	0.157	GCCGCCGCCGC
6-GCCGCAGCCTC	STREME-6	chr7	128135862	128135872	-	12.061	3.47e-05	0.157	GCCGCCGCCGC
6-GCCGCAGCCTC	STREME-6	chr7	128135865	128135875	-	12.061	3.47e-05	0.157	GCCGCCGCCGC
6-GCCGCAGCCTC	STREME-6	chrX	129982732	129982742	+	12.061	3.47e-05	0.157	GCCGCCGCCGC
6-GCCGCAGCCTC	STREME-6	chrX	130120888	130120898	-	12.061	3.47e-05	0.157	GCCGCCGCCGC
6-GCCGCAGCCTC	STREME-6	chrX	130120891	130120901	-	12.061	3.47e-05	0.157	GCCGCCGCCGC
6-GCCGCAGCCTC	STREME-6	chr5	140145914	140145924	-	12.061	3.47e-05	0.157	GCCGCCGCCGC
6-GCCGCAGCCTC	STREME-6	chr3	159763156	159763166	-	12.061	3.47e-05	0.157	GCCGCCGCCGC
6-GCCGCAGCCTC	STREME-6	chr2	161238905	161238915	+	12.061	3.47e-05	0.157	GCCGCCGCCGC
6-GCCGCAGCCTC	STREME-6	chr2	174337456	174337466	-	12.061	3.47e-05	0.157	GCCGCCGCCGC
6-GCCGCAGCCTC	STREME-6	chr2	174337459	174337469	-	12.061	3.47e-05	0.157	GCCGCCGCCGC
6-GCCGCAGCCTC	STREME-6	chr2	174337471	174337481	-	12.061	3.47e-05	0.157	GCCGCCGCCGC
6-GCCGCAGCCTC	STREME-6	chr2	174337474	174337484	-	12.061	3.47e-05	0.157	GCCGCCGCCGC
6-GCCGCAGCCTC	STREME-6	chr2	174337477	174337487	-	12.061	3.47e-05	0.157	GCCGCCGCCGC
6-GCCGCAGCCTC	STREME-6	chr2	174337480	174337490	-	12.061	3.47e-05	0.157	GCCGCCGCCGC
6-GCCGCAGCCTC	STREME-6	chr2	174337483	174337493	-	12.061	3.47e-05	0.157	GCCGCCGCCGC
6-GCCGCAGCCTC	STREME-6	chr5	177454618	177454628	-	12.061	3.47e-05	0.157	GCCGCCGCCGC
6-GCCGCAGCCTC	STREME-6	chr4	182449091	182449101	-	12.061	3.47e-05	0.157	GCCGCCGCCGC
6-GCCGCAGCCTC	STREME-6	chr4	182449094	182449104	-	12.061	3.47e-05	0.157	GCCGCCGCCGC
6-GCCGCAGCCTC	STREME-6	chr4	182449097	182449107	-	12.061	3.47e-05	0.157	GCCGCCGCCGC
6-GCCGCAGCCTC	STREME-6	chr4	182449100	182449110	-	12.061	3.47e-05	0.157	GCCGCCGCCGC
6-GCCGCAGCCTC	STREME-6	chr1	226122460	226122470	-	12.061	3.47e-05	0.157	GCCGCCGCCGC
6-GCCGCAGCCTC	STREME-6	chr1	245156561	245156571	-	12.061	3.47e-05	0.157	GCCGCCGCCGC
6-GCCGCAGCCTC	STREME-6	chr8	2127594	2127604	+	12.0244	3.67e-05	0.163	GACGCAGCCGC
6-GCCGCAGCCTC	STREME-6	chr8	2127634	2127644	+	12.0244	3.67e-05	0.163	GACGCAGCCGC
6-GCCGCAGCCTC	STREME-6	chr8	2127674	2127684	+	12.0244	3.67e-05	0.163	GACGCAGCCGC
6-GCCGCAGCCTC	STREME-6	chr8	2127714	2127724	+	12.0244	3.67e-05	0.163	GACGCAGCCGC
6-GCCGCAGCCTC	STREME-6	chr3	127455747	127455757	+	12.0244	3.67e-05	0.163	GCCGCAGCCGA
6-GCCGCAGCCTC	STREME-6	chrX	129777472	129777482	+	12.0244	3.67e-05	0.163	GACGCAGCCGC
6-GCCGCAGCCTC	STREME-6	chr1	240493243	240493253	-	12.0244	3.67e-05	0.163	GACGCAGCCGC
6-GCCGCAGCCTC	STREME-6	chr1	16217563	16217573	+	11.9878	3.72e-05	0.163	GCCTCAGCGTC
6-GCCGCAGCCTC	STREME-6	chr17	74462688	74462698	-	11.9878	3.72e-05	0.163	GCCTCAGCGTC
6-GCCGCAGCCTC	STREME-6	chr10	78972923	78972933	-	11.9878	3.72e-05	0.163	GCCTCAGCGTC
6-GCCGCAGCCTC	STREME-6	chr9	129888689	129888699	+	11.9878	3.72e-05	0.163	GCCTCAGCGTC
6-GCCGCAGCCTC	STREME-6	chr17	4004772	4004782	-	11.8902	3.94e-05	0.169	GCCGCCGCGTC
6-GCCGCAGCCTC	STREME-6	chr16	30902200	30902210	-	11.8902	3.94e-05	0.169	GCCGCCGCGTC
6-GCCGCAGCCTC	STREME-6	chr9	40106718	40106728	-	11.8902	3.94e-05	0.169	GCCGCCGCGTC
6-GCCGCAGCCTC	STREME-6	chr19	49890159	49890169	+	11.8902	3.94e-05	0.169	GCCGCCGCGTC
6-GCCGCAGCCTC	STREME-6	chr20	64327629	64327639	-	11.8902	3.94e-05	0.169	GCCGCCGCGTC
6-GCCGCAGCCTC	STREME-6	chr9	66269895	66269905	+	11.8902	3.94e-05	0.169	gccgccgcgtc
6-GCCGCAGCCTC	STREME-6	chr1	120558453	120558463	+	11.8902	3.94e-05	0.169	GCCGCCGCGTC
6-GCCGCAGCCTC	STREME-6	chr1	27369314	27369324	+	11.8537	4.15e-05	0.177	GCGGCAGCCTC
6-GCCGCAGCCTC	STREME-6	chr5	141692193	141692203	-	11.8537	4.15e-05	0.177	GCGGCAGCCTC
6-GCCGCAGCCTC	STREME-6	chr18	2906927	2906937	+	11.7439	4.41e-05	0.181	GCCCCAGCCGC
6-GCCGCAGCCTC	STREME-6	chr19	7869384	7869394	+	11.7439	4.41e-05	0.181	GCCCCAGCCGC
6-GCCGCAGCCTC	STREME-6	chr19	50330904	50330914	-	11.7439	4.41e-05	0.181	GCCCCAGCCGC
6-GCCGCAGCCTC	STREME-6	chr17	78251101	78251111	+	11.7439	4.41e-05	0.181	GCCCCAGCCGC
6-GCCGCAGCCTC	STREME-6	chr16	88430658	88430668	-	11.7439	4.41e-05	0.181	GCCCCAGCCGC
6-GCCGCAGCCTC	STREME-6	chr12	93742420	93742430	+	11.7439	4.41e-05	0.181	GCCCCAGCCGC
6-GCCGCAGCCTC	STREME-6	chr14	105060886	105060896	+	11.7439	4.41e-05	0.181	GCCCCAGCCGC
6-GCCGCAGCCTC	STREME-6	chr12	124432509	124432519	-	11.7439	4.41e-05	0.181	GCCCCAGCCGC
6-GCCGCAGCCTC	STREME-6	chr12	132446192	132446202	+	11.7439	4.41e-05	0.181	GCCCCAGCCGC
6-GCCGCAGCCTC	STREME-6	chr12	132446243	132446253	+	11.7439	4.41e-05	0.181	GCCCCAGCCGC
6-GCCGCAGCCTC	STREME-6	chr12	132561275	132561285	+	11.7439	4.41e-05	0.181	GCCCCAGCCGC
6-GCCGCAGCCTC	STREME-6	chr9	133869782	133869792	+	11.7439	4.41e-05	0.181	GCCCCAGCCGC
6-GCCGCAGCCTC	STREME-6	chr6	189025	189035	+	11.7317	4.46e-05	0.181	GCCACAGCCTC
6-GCCGCAGCCTC	STREME-6	chr19	588227	588237	+	11.7317	4.46e-05	0.181	GCCACAGCCTC
6-GCCGCAGCCTC	STREME-6	chr17	7833920	7833930	-	11.7317	4.46e-05	0.181	GCCACAGCCTC
6-GCCGCAGCCTC	STREME-6	chr8	8238696	8238706	+	11.7317	4.46e-05	0.181	GCCACAGCCTC
6-GCCGCAGCCTC	STREME-6	chr9	36166743	36166753	+	11.7317	4.46e-05	0.181	GCCACAGCCTC
6-GCCGCAGCCTC	STREME-6	chr11	73154431	73154441	+	11.7317	4.46e-05	0.181	GCCACAGCCTC
6-GCCGCAGCCTC	STREME-6	chr5	177491633	177491643	+	11.7317	4.46e-05	0.181	GCCACAGCCTC
6-GCCGCAGCCTC	STREME-6	chr7	5556471	5556481	+	11.6707	4.62e-05	0.185	GCCGCAGCGAC
6-GCCGCAGCCTC	STREME-6	chr21	35026849	35026859	+	11.6707	4.62e-05	0.185	GCCGCAGCGAC
6-GCCGCAGCCTC	STREME-6	chr19	45478498	45478508	+	11.6707	4.62e-05	0.185	GCCGCAGCGAC
6-GCCGCAGCCTC	STREME-6	chr6	159174520	159174530	-	11.6707	4.62e-05	0.185	GCCGCAGCGAC
6-GCCGCAGCCTC	STREME-6	chr20	761151	761161	-	11.5976	4.77e-05	0.185	GCCGCAGCGCC
6-GCCGCAGCCTC	STREME-6	chr7	1412959	1412969	+	11.5976	4.77e-05	0.185	GCCGCAGCGCC
6-GCCGCAGCCTC	STREME-6	chr19	2273876	2273886	+	11.5976	4.77e-05	0.185	GCCGCAGCGCC
6-GCCGCAGCCTC	STREME-6	chr19	2950610	2950620	-	11.5976	4.77e-05	0.185	GCCGCAGCGCC
6-GCCGCAGCCTC	STREME-6	chr19	7198203	7198213	+	11.5976	4.77e-05	0.185	GCCGCAGCGCC
6-GCCGCAGCCTC	STREME-6	chr19	7652197	7652207	-	11.5976	4.77e-05	0.185	GCCGCAGCGCC
6-GCCGCAGCCTC	STREME-6	chr4	10018936	10018946	+	11.5976	4.77e-05	0.185	GCCGCAGCGCC
6-GCCGCAGCCTC	STREME-6	chr13	28533008	28533018	-	11.5976	4.77e-05	0.185	GCCGCAGCGCC
6-GCCGCAGCCTC	STREME-6	chr6	29753216	29753226	-	11.5976	4.77e-05	0.185	GCCGCAGCGCC
6-GCCGCAGCCTC	STREME-6	chr13	30115022	30115032	+	11.5976	4.77e-05	0.185	GCCGCAGCGCC
6-GCCGCAGCCTC	STREME-6	chr12	53493124	53493134	-	11.5976	4.77e-05	0.185	GCCGCAGCGCC
6-GCCGCAGCCTC	STREME-6	chr20	64102227	64102237	-	11.5976	4.77e-05	0.185	GCCGCAGCGCC
6-GCCGCAGCCTC	STREME-6	chr1	143804328	143804338	+	11.5976	4.77e-05	0.185	GCCGCAGCGCC
6-GCCGCAGCCTC	STREME-6	chr19	41323745	41323755	+	11.5732	4.87e-05	0.187	GCCCCAGCGTC
6-GCCGCAGCCTC	STREME-6	chr9	131046871	131046881	-	11.5732	4.87e-05	0.187	GCCCCAGCGTC
6-GCCGCAGCCTC	STREME-6	chr3	4868737	4868747	+	11.5366	4.91e-05	0.187	GCCGCAAACTC
6-GCCGCAGCCTC	STREME-6	chrX	18675086	18675096	-	11.5366	4.91e-05	0.187	GCCGCAAACTC
6-GCCGCAGCCTC	STREME-6	chr19	49128040	49128050	-	11.4756	5e-05	0.187	GCCGCAGCTGC
6-GCCGCAGCCTC	STREME-6	chr10	50660311	50660321	-	11.4756	5e-05	0.187	GCCGCAGCTGC
6-GCCGCAGCCTC	STREME-6	chr11	67277645	67277655	+	11.4756	5e-05	0.187	GCCGCAGCTGC
6-GCCGCAGCCTC	STREME-6	chr11	69297525	69297535	-	11.4756	5e-05	0.187	GCCGCAGCTGC
6-GCCGCAGCCTC	STREME-6	chr17	77881754	77881764	-	11.4756	5e-05	0.187	GCCGCAGCTGC
6-GCCGCAGCCTC	STREME-6	chr5	139517987	139517997	+	11.4756	5e-05	0.187	GCCGCAGCTGC
6-GCCGCAGCCTC	STREME-6	chr19	38949992	38950002	-	11.378	5.04e-05	0.187	GCCGCAATCTC
6-GCCGCAGCCTC	STREME-6	chr17	2058634	2058644	-	11.2805	5.29e-05	0.187	GCCGCGGCCGC
6-GCCGCAGCCTC	STREME-6	chr19	2290108	2290118	-	11.2805	5.29e-05	0.187	GCCGCGGCCGC
6-GCCGCAGCCTC	STREME-6	chr18	25349839	25349849	+	11.2805	5.29e-05	0.187	GCCGCGGCCGC
6-GCCGCAGCCTC	STREME-6	chr16	28364965	28364975	+	11.2805	5.29e-05	0.187	GCCGCGGCCGC
6-GCCGCAGCCTC	STREME-6	chr16	28750318	28750328	-	11.2805	5.29e-05	0.187	GCCGCGGCCGC
6-GCCGCAGCCTC	STREME-6	chr22	37817817	37817827	+	11.2805	5.29e-05	0.187	GCCGCGGCCGC
6-GCCGCAGCCTC	STREME-6	chr19	40434032	40434042	+	11.2805	5.29e-05	0.187	GCCGCGGCCGC
6-GCCGCAGCCTC	STREME-6	chr15	40941958	40941968	+	11.2805	5.29e-05	0.187	GCCGCGGCCGC
6-GCCGCAGCCTC	STREME-6	chr20	46014283	46014293	+	11.2805	5.29e-05	0.187	GCCGCGGCCGC
6-GCCGCAGCCTC	STREME-6	chr19	47243160	47243170	+	11.2805	5.29e-05	0.187	GCCGCGGCCGC
6-GCCGCAGCCTC	STREME-6	chr1	54489541	54489551	-	11.2805	5.29e-05	0.187	GCCGCGGCCGC
6-GCCGCAGCCTC	STREME-6	chr2	64865705	64865715	-	11.2805	5.29e-05	0.187	GCCGCGGCCGC
6-GCCGCAGCCTC	STREME-6	chr15	72796997	72797007	-	11.2805	5.29e-05	0.187	GCCGCGGCCGC
6-GCCGCAGCCTC	STREME-6	chr10	75399493	75399503	+	11.2805	5.29e-05	0.187	GCCGCGGCCGC
6-GCCGCAGCCTC	STREME-6	chr17	78353047	78353057	-	11.2805	5.29e-05	0.187	GCCGCGGCCGC
6-GCCGCAGCCTC	STREME-6	chr13	97976488	97976498	-	11.2805	5.29e-05	0.187	GCCGCGGCCGC
6-GCCGCAGCCTC	STREME-6	chr7	100450675	100450685	+	11.2805	5.29e-05	0.187	GCCGCGGCCGC
6-GCCGCAGCCTC	STREME-6	chr7	102321381	102321391	+	11.2805	5.29e-05	0.187	GCCGCGGCCGC
6-GCCGCAGCCTC	STREME-6	chr10	102646086	102646096	-	11.2805	5.29e-05	0.187	GCCGCGGCCGC
6-GCCGCAGCCTC	STREME-6	chr13	112886102	112886112	+	11.2805	5.29e-05	0.187	GCCGCGGCCGC
6-GCCGCAGCCTC	STREME-6	chr11	129279639	129279649	+	11.2805	5.29e-05	0.187	GCCGCGGCCGC
6-GCCGCAGCCTC	STREME-6	chr9	129413882	129413892	-	11.2805	5.29e-05	0.187	GCCGCGGCCGC
6-GCCGCAGCCTC	STREME-6	chrX	130060567	130060577	+	11.2805	5.29e-05	0.187	GCCGCGGCCGC
6-GCCGCAGCCTC	STREME-6	chrX	130060573	130060583	+	11.2805	5.29e-05	0.187	GCCGCGGCCGC
6-GCCGCAGCCTC	STREME-6	chrX	130060570	130060580	-	11.2805	5.29e-05	0.187	GCCGCGGCCGC
6-GCCGCAGCCTC	STREME-6	chr6	154995333	154995343	+	11.2805	5.29e-05	0.187	GCCGCGGCCGC
6-GCCGCAGCCTC	STREME-6	chr1	181105411	181105421	+	11.2805	5.29e-05	0.187	GCCGCGGCCGC
6-GCCGCAGCCTC	STREME-6	chr4	183398932	183398942	+	11.2805	5.29e-05	0.187	GCCGCGGCCGC
6-GCCGCAGCCTC	STREME-6	chr4	80203131	80203141	-	11.2683	5.35e-05	0.188	CCCGCAACCTC
6-GCCGCAGCCTC	STREME-6	chr14	105087064	105087074	+	11.2683	5.35e-05	0.188	CCCGCAACCTC
6-GCCGCAGCCTC	STREME-6	chr20	3218703	3218713	-	11.2561	5.41e-05	0.189	CCCGCAGACTC
6-GCCGCAGCCTC	STREME-6	chr1	1201061	1201071	-	11.122	5.51e-05	0.189	ACCGCAGCCGC
6-GCCGCAGCCTC	STREME-6	chr19	11482709	11482719	-	11.122	5.51e-05	0.189	ACCGCAGCCGC
6-GCCGCAGCCTC	STREME-6	chr14	20971561	20971571	+	11.122	5.51e-05	0.189	ACCGCAGCCGC
6-GCCGCAGCCTC	STREME-6	chr17	43701439	43701449	+	11.122	5.51e-05	0.189	ACCGCAGCCGC
6-GCCGCAGCCTC	STREME-6	chr17	50117323	50117333	-	11.122	5.51e-05	0.189	ACCGCAGCCGC
6-GCCGCAGCCTC	STREME-6	chr17	50542075	50542085	+	11.122	5.51e-05	0.189	accgcagccgc
6-GCCGCAGCCTC	STREME-6	chr1	54375794	54375804	-	11.122	5.51e-05	0.189	ACCGCAGCCGC
6-GCCGCAGCCTC	STREME-6	chr4	184168605	184168615	-	11.122	5.51e-05	0.189	ACCGCAGCCGC
6-GCCGCAGCCTC	STREME-6	chr3	177359908	177359918	-	11.1098	5.66e-05	0.194	GCCGCGGCGTC
6-GCCGCAGCCTC	STREME-6	chr6	27772608	27772618	+	11.0976	5.82e-05	0.198	CCCGCAGTCTC
6-GCCGCAGCCTC	STREME-6	chr22	40651930	40651940	-	11.0976	5.82e-05	0.198	CCCGCAGTCTC
6-GCCGCAGCCTC	STREME-6	chr19	48714445	48714455	-	11.0976	5.82e-05	0.198	GCCGAAGCCGC
6-GCCGCAGCCTC	STREME-6	chr19	862853	862863	-	11.0732	5.85e-05	0.199	GCCTCAACCTC
6-GCCGCAGCCTC	STREME-6	chr6	73389203	73389213	-	11.0732	5.85e-05	0.199	GCCTCAACCTC
6-GCCGCAGCCTC	STREME-6	chr19	1063108	1063118	+	11.0488	5.93e-05	0.201	GCCGCATACTC
6-GCCGCAGCCTC	STREME-6	chr2	10120665	10120675	+	10.9756	6.02e-05	0.202	GCCGCCACCTC
6-GCCGCAGCCTC	STREME-6	chr8	10425217	10425227	+	10.9756	6.02e-05	0.202	GCCGCCACCTC
6-GCCGCAGCCTC	STREME-6	chr18	37394204	37394214	+	10.9756	6.02e-05	0.202	GCCGCCACCTC
6-GCCGCAGCCTC	STREME-6	chr9	136656994	136657004	+	10.9756	6.02e-05	0.202	GCCGCCACCTC
6-GCCGCAGCCTC	STREME-6	chr8	143928544	143928554	-	10.9756	6.02e-05	0.202	GCCGCCACCTC
6-GCCGCAGCCTC	STREME-6	chr19	17235877	17235887	+	10.9268	6.38e-05	0.211	gccgaagcgtc
6-GCCGCAGCCTC	STREME-6	chr19	18292322	18292332	-	10.9268	6.38e-05	0.211	GCCGAAGCGTC
6-GCCGCAGCCTC	STREME-6	chr3	169669265	169669275	-	10.9268	6.38e-05	0.211	GCCGCAGACTA
6-GCCGCAGCCTC	STREME-6	chr11	1882507	1882517	+	10.9024	6.41e-05	0.211	GCCTCAGTCTC
6-GCCGCAGCCTC	STREME-6	chr7	263071	263081	+	10.8537	6.55e-05	0.211	GCCGCAGCAGC
6-GCCGCAGCCTC	STREME-6	chr7	263124	263134	+	10.8537	6.55e-05	0.211	GCCGCAGCAGC
6-GCCGCAGCCTC	STREME-6	chr19	17539724	17539734	-	10.8537	6.55e-05	0.211	GCCGCAGCAGC
6-GCCGCAGCCTC	STREME-6	chr17	35764241	35764251	-	10.8537	6.55e-05	0.211	GCCGCAGCAGC
6-GCCGCAGCCTC	STREME-6	chr17	40108346	40108356	-	10.8537	6.55e-05	0.211	GCCGCAGCAGC
6-GCCGCAGCCTC	STREME-6	chr19	42401587	42401597	+	10.8537	6.55e-05	0.211	GCCGCAGCAGC
6-GCCGCAGCCTC	STREME-6	chr3	47009551	47009561	+	10.8537	6.55e-05	0.211	GCCGCAGCAGC
6-GCCGCAGCCTC	STREME-6	chr8	58146089	58146099	-	10.8537	6.55e-05	0.211	GCCGCAGCAGC
6-GCCGCAGCCTC	STREME-6	chr9	107487741	107487751	-	10.8537	6.55e-05	0.211	GCCGCAGCAGC
6-GCCGCAGCCTC	STREME-6	chr3	124033198	124033208	-	10.8537	6.55e-05	0.211	GCCGCAGCAGC
6-GCCGCAGCCTC	STREME-6	chr9	136109744	136109754	+	10.8537	6.55e-05	0.211	GCCGCAGCAGC
6-GCCGCAGCCTC	STREME-6	chr3	158098108	158098118	-	10.8537	6.55e-05	0.211	GCCGCAGCAGC
6-GCCGCAGCCTC	STREME-6	chr5	177607693	177607703	+	10.8537	6.55e-05	0.211	GCCGCAGCAGC
6-GCCGCAGCCTC	STREME-6	chr19	1876154	1876164	+	10.8049	6.64e-05	0.213	GCCGCCGTCTC
6-GCCGCAGCCTC	STREME-6	chrX	40090275	40090285	-	10.8049	6.64e-05	0.213	GCCGCCGTCTC
6-GCCGCAGCCTC	STREME-6	chr4	1746504	1746514	-	10.7927	6.7e-05	0.214	CCCTCAGCCTC
6-GCCGCAGCCTC	STREME-6	chr12	2502084	2502094	+	10.7927	6.7e-05	0.214	CCCTCAGCCTC
6-GCCGCAGCCTC	STREME-6	chr11	57499713	57499723	-	10.7927	6.7e-05	0.214	CCCTCAGCCTC
6-GCCGCAGCCTC	STREME-6	chr16	81730641	81730651	-	10.7927	6.7e-05	0.214	CCCTCAGCCTC
6-GCCGCAGCCTC	STREME-6	chr19	55517003	55517013	+	10.7805	6.76e-05	0.215	CCCGCATCCTC
6-GCCGCAGCCTC	STREME-6	chr19	49443601	49443611	-	10.7561	7.02e-05	0.222	GCCGCAACCAC
6-GCCGCAGCCTC	STREME-6	chr8	102810873	102810883	+	10.7561	7.02e-05	0.222	GCCGCAACCAC
6-GCCGCAGCCTC	STREME-6	chr19	2263801	2263811	-	10.7439	7.21e-05	0.225	GCCGCAGAGGC
6-GCCGCAGCCTC	STREME-6	chr17	21771128	21771138	+	10.7439	7.21e-05	0.225	GCCGCAGAGGC
6-GCCGCAGCCTC	STREME-6	chr14	22838777	22838787	+	10.7439	7.21e-05	0.225	GCCGCAGACAC
6-GCCGCAGCCTC	STREME-6	chr18	79393827	79393837	+	10.7439	7.21e-05	0.225	gccgcagaggc
6-GCCGCAGCCTC	STREME-6	chr5	88141490	88141500	+	10.7439	7.21e-05	0.225	GCCGCAGAGGC
6-GCCGCAGCCTC	STREME-6	chr12	109845449	109845459	-	10.7439	7.21e-05	0.225	GCCGCAGAGGC
6-GCCGCAGCCTC	STREME-6	chr1	223081613	223081623	+	10.7439	7.21e-05	0.225	GCCGCAGAGGC
6-GCCGCAGCCTC	STREME-6	chr5	344267	344277	-	10.6951	7.37e-05	0.228	CCCGCCGCCTC
6-GCCGCAGCCTC	STREME-6	chr2	60581889	60581899	+	10.6951	7.37e-05	0.228	CCCGCCGCCTC
6-GCCGCAGCCTC	STREME-6	chr1	116152295	116152305	+	10.6951	7.37e-05	0.228	CCCGCCGCCTC
6-GCCGCAGCCTC	STREME-6	chr1	211416769	211416779	-	10.6951	7.37e-05	0.228	CCCGCCGCCTC
6-GCCGCAGCCTC	STREME-6	chr1	212515028	212515038	-	10.6951	7.37e-05	0.228	CCCGCCGCCTC
6-GCCGCAGCCTC	STREME-6	chr16	1929764	1929774	+	10.6829	7.78e-05	0.234	GCCGCAACCCC
6-GCCGCAGCCTC	STREME-6	chr2	25376952	25376962	-	10.6829	7.78e-05	0.234	GCCGCAGCCGG
6-GCCGCAGCCTC	STREME-6	chr7	25852812	25852822	-	10.6829	7.78e-05	0.234	GCCGCAGCCGG
6-GCCGCAGCCTC	STREME-6	chr8	28411956	28411966	-	10.6829	7.78e-05	0.234	GCCGCAGCCGG
6-GCCGCAGCCTC	STREME-6	chr16	30418281	30418291	-	10.6829	7.78e-05	0.234	GCCGCAGCCGG
6-GCCGCAGCCTC	STREME-6	chr20	36835892	36835902	+	10.6829	7.78e-05	0.234	GCCGCAGCCGG
6-GCCGCAGCCTC	STREME-6	chr7	39414662	39414672	-	10.6829	7.78e-05	0.234	GCCGCACCCGC
6-GCCGCAGCCTC	STREME-6	chr1	54542203	54542213	+	10.6829	7.78e-05	0.234	GCCGCACCCGC
6-GCCGCAGCCTC	STREME-6	chr16	85420881	85420891	-	10.6829	7.78e-05	0.234	GCCGCAGCCGG
6-GCCGCAGCCTC	STREME-6	chr10	102422839	102422849	-	10.6829	7.78e-05	0.234	GCCGCACCCGC
6-GCCGCAGCCTC	STREME-6	chr5	127229360	127229370	+	10.6829	7.78e-05	0.234	GCCGCAGCCGG
6-GCCGCAGCCTC	STREME-6	chr3	127455667	127455677	+	10.6829	7.78e-05	0.234	GCCGCACCCGC
6-GCCGCAGCCTC	STREME-6	chr6	158560135	158560145	-	10.6829	7.78e-05	0.234	GCCGCAGCCGG
6-GCCGCAGCCTC	STREME-6	chr2	176140676	176140686	-	10.6829	7.78e-05	0.234	GCCGCAGCCGG
6-GCCGCAGCCTC	STREME-6	chr7	6081571	6081581	+	10.6707	7.87e-05	0.236	GCCGCAGACCC
6-GCCGCAGCCTC	STREME-6	chr7	154794393	154794403	+	10.6707	7.87e-05	0.236	GCCGCAGACCC
6-GCCGCAGCCTC	STREME-6	chr1	1201052	1201062	-	10.6585	8.05e-05	0.237	GCCCCAACCTC
6-GCCGCAGCCTC	STREME-6	chr11	8206453	8206463	-	10.6585	8.05e-05	0.237	CACGCAGCCTC
6-GCCGCAGCCTC	STREME-6	chr8	28401327	28401337	+	10.6585	8.05e-05	0.237	CACGCAGCCTC
6-GCCGCAGCCTC	STREME-6	chr21	36430228	36430238	-	10.6585	8.05e-05	0.237	CACGCAGCCTC
6-GCCGCAGCCTC	STREME-6	chr17	42312844	42312854	-	10.6585	8.05e-05	0.237	GCCCCAACCTC
6-GCCGCAGCCTC	STREME-6	chr11	119666605	119666615	-	10.6585	8.05e-05	0.237	CCCGCAGCCTA
6-GCCGCAGCCTC	STREME-6	chr9	131046768	131046778	-	10.6585	8.05e-05	0.237	CACGCAGCCTC
6-GCCGCAGCCTC	STREME-6	chr9	137129772	137129782	+	10.6585	8.05e-05	0.237	CCCGCAGCCTA
6-GCCGCAGCCTC	STREME-6	chr1	146472674	146472684	-	10.6585	8.05e-05	0.237	CACGCAGCCTC
6-GCCGCAGCCTC	STREME-6	chr11	12224822	12224832	-	10.6463	8.11e-05	0.238	GCCCCAGACTC
6-GCCGCAGCCTC	STREME-6	chr19	13100411	13100421	-	10.5854	8.33e-05	0.241	GCCGCAGTCAC
6-GCCGCAGCCTC	STREME-6	chr22	18896228	18896238	+	10.5854	8.33e-05	0.241	gcctcatcctc
6-GCCGCAGCCTC	STREME-6	chr9	42974978	42974988	+	10.5854	8.33e-05	0.241	GCCGCAGTGGC
6-GCCGCAGCCTC	STREME-6	chr1	55022133	55022143	-	10.5854	8.33e-05	0.241	GCCTCATCCTC
6-GCCGCAGCCTC	STREME-6	chr16	57300514	57300524	-	10.5854	8.33e-05	0.241	GTCGCAGTCTC
6-GCCGCAGCCTC	STREME-6	chr7	118858781	118858791	+	10.5854	8.33e-05	0.241	gccgcagtggc
6-GCCGCAGCCTC	STREME-6	chr8	142452865	142452875	+	10.5854	8.33e-05	0.241	GCCGCAGTGGC
6-GCCGCAGCCTC	STREME-6	chr16	70680178	70680188	+	10.5122	8.62e-05	0.244	gccgcagtccc
6-GCCGCAGCCTC	STREME-6	chr15	74374309	74374319	+	10.5122	8.62e-05	0.244	GCCGCAGTCCC
6-GCCGCAGCCTC	STREME-6	chr12	111397179	111397189	-	10.5122	8.62e-05	0.244	GCCGCAGTCCC
6-GCCGCAGCCTC	STREME-6	chr8	141387025	141387035	+	10.5122	8.62e-05	0.244	GCCGCAGCGTG
6-GCCGCAGCCTC	STREME-6	chr5	344261	344271	-	10.5	8.87e-05	0.244	GCCTCCGCCTC
6-GCCGCAGCCTC	STREME-6	chr7	20798081	20798091	-	10.5	8.87e-05	0.244	GCCTCCGCCTC
6-GCCGCAGCCTC	STREME-6	chr14	21092611	21092621	-	10.5	8.87e-05	0.244	GCCTCCGCCTC
6-GCCGCAGCCTC	STREME-6	chr14	23007091	23007101	-	10.5	8.87e-05	0.244	GCCTCCGCCTC
6-GCCGCAGCCTC	STREME-6	chr12	26122512	26122522	+	10.5	8.87e-05	0.244	GCCTCCGCCTC
6-GCCGCAGCCTC	STREME-6	chr13	27362185	27362195	+	10.5	8.87e-05	0.244	GCCGCAGGCGC
6-GCCGCAGCCTC	STREME-6	chr20	31613036	31613046	-	10.5	8.87e-05	0.244	GCCTCCGCCTC
6-GCCGCAGCCTC	STREME-6	chr2	42810243	42810253	+	10.5	8.87e-05	0.244	GCCGCAGGCGC
6-GCCGCAGCCTC	STREME-6	chr17	56780366	56780376	-	10.5	8.87e-05	0.244	GCCGCAGGCGC
6-GCCGCAGCCTC	STREME-6	chr17	62704174	62704184	-	10.5	8.87e-05	0.244	GCCTCCGCCTC
6-GCCGCAGCCTC	STREME-6	chr16	88500066	88500076	+	10.5	8.87e-05	0.244	GCCGCAGGCGC
6-GCCGCAGCCTC	STREME-6	chr16	88634523	88634533	+	10.5	8.87e-05	0.244	GCCTCCGCCTC
6-GCCGCAGCCTC	STREME-6	chr11	89787587	89787597	-	10.5	8.87e-05	0.244	GCCGCAGGCGC
6-GCCGCAGCCTC	STREME-6	chr11	116276650	116276660	+	10.5	8.87e-05	0.244	GCCGCAGGCGC
6-GCCGCAGCCTC	STREME-6	chr12	120356876	120356886	+	10.5	8.87e-05	0.244	GCCGCAGGCGC
6-GCCGCAGCCTC	STREME-6	chr11	129279571	129279581	+	10.5	8.87e-05	0.244	GCCTCCGCCTC
6-GCCGCAGCCTC	STREME-6	chr9	129610592	129610602	-	10.5	8.87e-05	0.244	GCCTCCGCCTC
6-GCCGCAGCCTC	STREME-6	chr8	143276733	143276743	-	10.5	8.87e-05	0.244	GCCGCAGGCGC
6-GCCGCAGCCTC	STREME-6	chr6	154995342	154995352	+	10.5	8.87e-05	0.244	GCCGCAGGCGC
6-GCCGCAGCCTC	STREME-6	chr1	904715	904725	+	10.4878	9.12e-05	0.244	GCCGCCTCCTC
6-GCCGCAGCCTC	STREME-6	chr17	7296528	7296538	+	10.4878	9.12e-05	0.244	GCAGCAGCCGC
6-GCCGCAGCCTC	STREME-6	chr6	35318380	35318390	-	10.4878	9.12e-05	0.244	GCAGCAGCCGC
6-GCCGCAGCCTC	STREME-6	chr21	36130371	36130381	+	10.4878	9.12e-05	0.244	GCCGCCTCCTC
6-GCCGCAGCCTC	STREME-6	chr21	36130439	36130449	+	10.4878	9.12e-05	0.244	GCCGCCTCCTC
6-GCCGCAGCCTC	STREME-6	chr19	50330923	50330933	-	10.4878	9.12e-05	0.244	GCCGCCTCCTC
6-GCCGCAGCCTC	STREME-6	chr14	69727147	69727157	-	10.4878	9.12e-05	0.244	GCCGCCTCCTC
6-GCCGCAGCCTC	STREME-6	chr10	78303344	78303354	+	10.4878	9.12e-05	0.244	GCCGcctcctc
6-GCCGCAGCCTC	STREME-6	chr4	80202413	80202423	-	10.4878	9.12e-05	0.244	GCCGCCTCCTC
6-GCCGCAGCCTC	STREME-6	chr15	94231465	94231475	+	10.4878	9.12e-05	0.244	GCCGCCTCCTC
6-GCCGCAGCCTC	STREME-6	chr15	94584947	94584957	+	10.4878	9.12e-05	0.244	GCCGCCTCCTC
6-GCCGCAGCCTC	STREME-6	chr9	107487738	107487748	-	10.4878	9.12e-05	0.244	GCAGCAGCCGC
6-GCCGCAGCCTC	STREME-6	chr1	108273067	108273077	-	10.4878	9.12e-05	0.244	GCCGCCTCCTC
6-GCCGCAGCCTC	STREME-6	chr13	113394112	113394122	+	10.4878	9.12e-05	0.244	GCAGCAGCCGC
6-GCCGCAGCCTC	STREME-6	chr3	124033195	124033205	-	10.4878	9.12e-05	0.244	GCAGCAGCCGC
6-GCCGCAGCCTC	STREME-6	chr10	129971858	129971868	+	10.4878	9.12e-05	0.244	GCCGCCTCCTC
6-GCCGCAGCCTC	STREME-6	chrX	129982649	129982659	-	10.4878	9.12e-05	0.244	GCAGCAGCCGC
6-GCCGCAGCCTC	STREME-6	chr6	143537368	143537378	+	10.4878	9.12e-05	0.244	GCCGCCTCCTC
6-GCCGCAGCCTC	STREME-6	chr3	158098105	158098115	-	10.4878	9.12e-05	0.244	GCAGCAGCCGC
6-GCCGCAGCCTC	STREME-6	chr1	203273183	203273193	-	10.4878	9.12e-05	0.244	GCCGCCTCCTC
6-GCCGCAGCCTC	STREME-6	chr1	226643342	226643352	+	10.4878	9.12e-05	0.244	GCCCCAGTCTC
6-GCCGCAGCCTC	STREME-6	chr17	1488271	1488281	+	10.4756	9.43e-05	0.247	CCCGCAGCCAC
6-GCCGCAGCCTC	STREME-6	chrX	4710766	4710776	+	10.4756	9.43e-05	0.247	cccgcagccac
6-GCCGCAGCCTC	STREME-6	chr2	25376859	25376869	-	10.4756	9.43e-05	0.247	CTCGCAGCCTC
6-GCCGCAGCCTC	STREME-6	chr8	26449148	26449158	+	10.4756	9.43e-05	0.247	CCCGCAGCGGC
6-GCCGCAGCCTC	STREME-6	chr1	28247358	28247368	-	10.4756	9.43e-05	0.247	CCCGCAGCGGC
6-GCCGCAGCCTC	STREME-6	chr17	42107791	42107801	-	10.4756	9.43e-05	0.247	CCCGCAGCGGC
6-GCCGCAGCCTC	STREME-6	chr19	44753520	44753530	+	10.4756	9.43e-05	0.247	CTCGCAGCCTC
6-GCCGCAGCCTC	STREME-6	chr11	46295651	46295661	+	10.4756	9.43e-05	0.247	CTCGCAGCCTC
6-GCCGCAGCCTC	STREME-6	chr19	48675495	48675505	+	10.4756	9.43e-05	0.247	CTCGCAGCCTC
6-GCCGCAGCCTC	STREME-6	chr2	74835035	74835045	-	10.4756	9.43e-05	0.247	CCCGCAGCCAC
6-GCCGCAGCCTC	STREME-6	chr5	83474560	83474570	+	10.4756	9.43e-05	0.247	CCCGCAGCGGC
6-GCCGCAGCCTC	STREME-6	chr8	143278816	143278826	+	10.4756	9.43e-05	0.247	CCCGCAGCGGC
6-GCCGCAGCCTC	STREME-6	chr22	17098606	17098616	-	10.4634	9.51e-05	0.247	GCCTCAGCCTA
6-GCCGCAGCCTC	STREME-6	chr17	81097536	81097546	-	10.4634	9.51e-05	0.247	GACTCAGCCTC
6-GCCGCAGCCTC	STREME-6	chr7	102512091	102512101	-	10.4634	9.51e-05	0.247	GACTCAGCCTC
6-GCCGCAGCCTC	STREME-6	chr7	102611252	102611262	-	10.4634	9.51e-05	0.247	GACTCAGCCTC
6-GCCGCAGCCTC	STREME-6	chr5	149466677	149466687	-	10.4634	9.51e-05	0.247	GACTCAGCCTC
6-GCCGCAGCCTC	STREME-6	chr17	1198158	1198168	-	10.4024	9.73e-05	0.249	CCCGCAGCCCC
6-GCCGCAGCCTC	STREME-6	chr16	4263828	4263838	-	10.4024	9.73e-05	0.249	CCCGCAGCCCC
6-GCCGCAGCCTC	STREME-6	chr19	5686956	5686966	+	10.4024	9.73e-05	0.249	CCCGCAGCCCC
6-GCCGCAGCCTC	STREME-6	chr9	19464893	19464903	-	10.4024	9.73e-05	0.249	CCCGCAGCCCC
6-GCCGCAGCCTC	STREME-6	chr22	24952694	24952704	-	10.4024	9.73e-05	0.249	CCCGCAGCCCC
6-GCCGCAGCCTC	STREME-6	chr19	50330962	50330972	-	10.4024	9.73e-05	0.249	CCCGCAGCCCC
6-GCCGCAGCCTC	STREME-6	chr19	50836111	50836121	+	10.4024	9.73e-05	0.249	CCCGCAGCCCC
6-GCCGCAGCCTC	STREME-6	chr14	90758598	90758608	-	10.4024	9.73e-05	0.249	CCCGCAGCCCC
6-GCCGCAGCCTC	STREME-6	chr6	108967375	108967385	-	10.4024	9.73e-05	0.249	CCCGCAGCCCC
6-GCCGCAGCCTC	STREME-6	chr15	73964799	73964809	-	10.3902	9.77e-05	0.249	GCCGCAACTTC
6-GCCGCAGCCTC	STREME-6	chr1	16499187	16499197	+	10.378	9.9e-05	0.25	CCCCCAGCCTC
6-GCCGCAGCCTC	STREME-6	chr15	40099021	40099031	+	10.378	9.9e-05	0.25	CCCCCAGCCTC
6-GCCGCAGCCTC	STREME-6	chr20	46005327	46005337	-	10.378	9.9e-05	0.25	CCCCCAGCCTC
6-GCCGCAGCCTC	STREME-6	chr1	54499693	54499703	-	10.378	9.9e-05	0.25	CCCCCAGCCTC
6-GCCGCAGCCTC	STREME-6	chr17	82298015	82298025	-	10.378	9.9e-05	0.25	CCCCCAGCCTC
6-GCCGCAGCCTC	STREME-6	chr12	96316367	96316377	-	10.378	9.9e-05	0.25	CCCCCAGCCTC
6-GCCGCAGCCTC	STREME-6	chr12	124746149	124746159	+	10.378	9.9e-05	0.25	CCCCCAGCCTC

# FIMO (Find Individual Motif Occurrences): Version 5.5.5 compiled on Dec  6 2023 at 19:32:37
# The format of this file is described at https://meme-suite.org/meme/doc/fimo-output-format.html#tsv_results.
# fimo --verbosity 1 --oc fimo_out_4 --bgfile ./background --motif 6-GCCGCAGCCTC streme_out/streme.xml ./RUNX1-ETO_plusDox_ChIPseq_filtered_Distal.bed.fa
